-- ============================================================
-- FlexChain seller workspace consolidated SQL
-- Demo seed exported from current supplychain_dev database. Run after 00_full_schema.sql.
-- Generated from local MySQL via mysqldump.
-- ============================================================
SET NAMES utf8mb4;
SET FOREIGN_KEY_CHECKS = 0;

/*!40101 SET @OLD_CHARACTER_SET_CLIENT=@@CHARACTER_SET_CLIENT */;
/*!40101 SET @OLD_CHARACTER_SET_RESULTS=@@CHARACTER_SET_RESULTS */;
/*!40101 SET @OLD_COLLATION_CONNECTION=@@COLLATION_CONNECTION */;
/*!50503 SET NAMES utf8mb4 */;
/*!40103 SET @OLD_TIME_ZONE=@@TIME_ZONE */;
/*!40103 SET TIME_ZONE='+00:00' */;
/*!40014 SET @OLD_UNIQUE_CHECKS=@@UNIQUE_CHECKS, UNIQUE_CHECKS=0 */;
/*!40014 SET @OLD_FOREIGN_KEY_CHECKS=@@FOREIGN_KEY_CHECKS, FOREIGN_KEY_CHECKS=0 */;
/*!40101 SET @OLD_SQL_MODE=@@SQL_MODE, SQL_MODE='NO_AUTO_VALUE_ON_ZERO' */;
/*!40111 SET @OLD_SQL_NOTES=@@SQL_NOTES, SQL_NOTES=0 */;

CREATE DATABASE /*!32312 IF NOT EXISTS*/ `supplychain_dev` /*!40100 DEFAULT CHARACTER SET utf8mb4 COLLATE utf8mb4_unicode_ci */ /*!80016 DEFAULT ENCRYPTION='N' */;

USE `supplychain_dev`;

LOCK TABLES `bi_kpi_threshold` WRITE;
/*!40000 ALTER TABLE `bi_kpi_threshold` DISABLE KEYS */;
INSERT INTO `bi_kpi_threshold` (`id`, `tenant_id`, `kpi_code`, `kpi_name`, `warning_value`, `danger_value`, `compare_type`, `notify_roles`, `is_enabled`, `create_time`) VALUES (910000000000001341,2059984036520636418,'stockout_rate','Stockout Rate',0.0300,0.0800,2,'[\"WAREHOUSE_MANAGER\", \"PURCHASE_MANAGER\"]',1,'2026-05-29 00:05:30'),(910000000000001342,2059984036520636418,'purchase_on_time_rate','Purchase On-time Arrival Rate',0.9000,0.8000,1,'[\"PURCHASE_MANAGER\"]',1,'2026-05-29 00:05:30'),(910000000000001343,2059984036520636418,'logistics_exception_rate','Logistics Exception Rate',0.0500,0.1000,2,'[\"OPS_MANAGER\"]',1,'2026-05-29 00:05:30');
/*!40000 ALTER TABLE `bi_kpi_threshold` ENABLE KEYS */;
UNLOCK TABLES;

LOCK TABLES `finance_bill_item` WRITE;
/*!40000 ALTER TABLE `finance_bill_item` DISABLE KEYS */;
INSERT INTO `finance_bill_item` (`id`, `tenant_id`, `bill_id`, `item_type`, `order_no`, `sku_id`, `platform_sku`, `amount`, `currency`, `description`, `transaction_date`, `is_matched`, `match_order_id`) VALUES (910000000000001311,2059984036520636418,910000000000001301,'SALE','AMZ-DE-303-778899',910000000000000404,'AMZ-CAMP01-EU',49.9900,'EUR','Order sale amount','2026-05-20',1,910000000000001002),(910000000000001312,2059984036520636418,910000000000001301,'REFERRAL_FEE','AMZ-DE-303-778899',910000000000000404,'AMZ-CAMP01-EU',-7.6000,'EUR','Amazon referral fee','2026-05-20',1,910000000000001002),(910000000000001313,2059984036520636418,910000000000001301,'UNMATCHED_FEE',NULL,NULL,NULL,-12.3000,'EUR','Unmatched service adjustment','2026-05-22',0,NULL);
/*!40000 ALTER TABLE `finance_bill_item` ENABLE KEYS */;
UNLOCK TABLES;

LOCK TABLES `finance_cash_flow` WRITE;
/*!40000 ALTER TABLE `finance_cash_flow` DISABLE KEYS */;
INSERT INTO `finance_cash_flow` (`id`, `tenant_id`, `flow_date`, `flow_type`, `source_type`, `source_id`, `source_no`, `amount_cny`, `amount_origin`, `currency`, `exchange_rate`, `remark`, `create_time`, `create_by`) VALUES (910000000000001331,2059984036520636418,'2026-05-28',1,'PLATFORM_SETTLEMENT',910000000000001301,'BILL-AMZ-202605-01',217587.24,27895.80,'EUR',7.800000,'Amazon settlement expected','2026-05-29 00:05:30',2059984037695041538),(910000000000001332,2059984036520636418,'2026-06-11',2,'PAYABLE',910000000000001302,'AP-202605-1002',44000.00,44000.00,'CNY',1.000000,'Packaging payable remaining','2026-05-29 00:05:30',2059984037695041538),(910000000000001333,2059984036520636418,'2026-06-27',2,'PAYABLE',910000000000001301,'AP-202605-1001',729000.00,729000.00,'CNY',1.000000,'Pet dryer payable due','2026-05-29 00:05:30',2059984037695041538);
/*!40000 ALTER TABLE `finance_cash_flow` ENABLE KEYS */;
UNLOCK TABLES;

LOCK TABLES `finance_exchange_rate` WRITE;
/*!40000 ALTER TABLE `finance_exchange_rate` DISABLE KEYS */;
/*!40000 ALTER TABLE `finance_exchange_rate` ENABLE KEYS */;
UNLOCK TABLES;

LOCK TABLES `finance_payable` WRITE;
/*!40000 ALTER TABLE `finance_payable` DISABLE KEYS */;
INSERT INTO `finance_payable` (`id`, `tenant_id`, `payable_no`, `source_type`, `source_biz_no`, `po_id`, `po_no`, `supplier_id`, `supplier_name`, `invoice_no`, `invoice_date`, `payable_amount`, `paid_amount`, `currency`, `payment_days`, `due_date`, `status`, `overdue_days`, `remark`, `create_time`, `update_time`, `create_by`, `update_by`, `is_deleted`, `version`) VALUES (910000000000001301,2059984036520636418,'AP-202605-1001','PURCHASE_ORDER','PO-202605-1001',910000000000000701,'PO-202605-1001',910000000000000101,'深圳华景电子有限公司','INV-HJ-2026051001','2026-05-28',729000.00,0.00,'CNY',30,'2026-06-27',0,0,'全量到货确认后付款','2026-05-29 00:05:30','2026-05-29 09:28:54',2059984037695041538,2059984037695041538,0,0),(910000000000001302,2059984036520636418,'AP-202605-1002','PURCHASE_ORDER','PO-202605-1002',910000000000000702,'PO-202605-1002',910000000000000102,'宁波远航包装厂','INV-YH-2026051002','2026-05-27',64000.00,20000.00,'CNY',15,'2026-06-11',1,0,'已完成部分付款','2026-05-29 00:05:30','2026-05-29 09:28:54',2059984037695041538,2059984037695041538,0,0),(910000000000001303,2059984036520636418,'AP-202605-1003','PURCHASE_ORDER','PO-202605-1003',910000000000000703,'PO-202605-1003',910000000000000103,'厦门森海户外用品有限公司',NULL,NULL,45360.00,0.00,'CNY',45,'2026-07-08',0,0,'待供应商开票','2026-05-29 00:05:30','2026-05-29 09:28:54',2059984037695041538,2059984037695041538,0,0),(2060700691571773442,2059984036520636418,'PAY-20260530-0016','PURCHASE_ORDER','PO-20260530-0016',2060700683757764610,'PO-20260530-0016',930000000000200101,'Codex Chain Supplier 101','INV-CODEX-CHAIN-101','2026-05-30',37.50,37.50,'CNY',15,'2026-06-14',3,0,NULL,'2026-05-30 20:31:46','2026-05-30 20:31:46',2059984037695041538,2059984037695041538,0,1);
/*!40000 ALTER TABLE `finance_payable` ENABLE KEYS */;
UNLOCK TABLES;

LOCK TABLES `finance_payment_record` WRITE;
/*!40000 ALTER TABLE `finance_payment_record` DISABLE KEYS */;
INSERT INTO `finance_payment_record` (`id`, `tenant_id`, `payable_id`, `payment_amount`, `payment_date`, `payment_method`, `voucher_no`, `operator_id`, `operator_name`, `remark`, `create_time`) VALUES (2060700692595183617,2059984036520636418,2060700691571773442,37.50,'2026-05-30',1,'PAY-CODEX-CHAIN-101',2059984037695041538,'租户管理员','SRM-PMS-WMS-FMS chain audit payment','2026-05-30 20:31:46');
/*!40000 ALTER TABLE `finance_payment_record` ENABLE KEYS */;
UNLOCK TABLES;

LOCK TABLES `finance_platform_bill` WRITE;
/*!40000 ALTER TABLE `finance_platform_bill` DISABLE KEYS */;
INSERT INTO `finance_platform_bill` (`id`, `tenant_id`, `bill_no`, `platform`, `store_id`, `store_name`, `platform_bill_id`, `settlement_start`, `settlement_end`, `currency`, `total_sales`, `total_refund`, `referral_fee`, `fba_fee`, `storage_fee`, `advertising_fee`, `other_fee`, `net_amount`, `cny_amount`, `exchange_rate`, `status`, `source_file_url`, `import_time`, `import_user_id`, `create_time`, `update_time`, `create_by`, `update_by`, `is_deleted`, `version`) VALUES (910000000000001301,2059984036520636418,'BILL-AMZ-202605-01','Amazon','AMZ-DE-01','FlexChain DE Store','AMZ-SETTLE-202605A','2026-05-01','2026-05-15','EUR',38620.00,1280.00,4248.20,1880.00,236.00,3200.00,180.00,27895.80,217587.24,7.800000,2,'oss://demo/bill/amazon-20260501.csv','2026-05-28 09:20:00',2059984037695041538,'2026-05-29 00:05:30','2026-05-29 00:05:30',2059984037695041538,2059984037695041538,0,0);
/*!40000 ALTER TABLE `finance_platform_bill` ENABLE KEYS */;
UNLOCK TABLES;

LOCK TABLES `finance_profit_snapshot` WRITE;
/*!40000 ALTER TABLE `finance_profit_snapshot` DISABLE KEYS */;
INSERT INTO `finance_profit_snapshot` (`id`, `tenant_id`, `snapshot_type`, `snapshot_date`, `sku_id`, `sku_code`, `platform`, `store_id`, `country_code`, `currency`, `exchange_rate`, `order_count`, `sales_qty`, `gross_revenue`, `gross_revenue_cny`, `purchase_cost`, `logistics_fee`, `platform_fee`, `fba_storage_fee`, `advertising_fee`, `refund_loss`, `vat_fee`, `other_cost`, `total_cost`, `gross_profit`, `net_profit`, `gross_margin`, `net_margin`, `create_time`) VALUES (910000000000001321,2059984036520636418,1,'2026-05-28',910000000000000401,'SKU-US-AX901','TikTok','TT-US-01','US','USD',7.200000,42,42,8399.5800,60476.98,35700.0000,6349.2000,764.4000,0.0000,1800.0000,0.0000,0.0000,320.0000,44933.6000,24776.9800,15543.3800,0.4097,0.2570,'2026-05-29 00:05:30'),(910000000000001322,2059984036520636418,1,'2026-05-28',910000000000000404,'SKU-EU-CAMP01','Amazon','AMZ-DE-01','DE','EUR',7.800000,18,18,899.8200,7018.60,2268.0000,820.8000,136.8000,42.0000,420.0000,0.0000,132.0000,60.0000,3879.6000,4750.6000,3139.0000,0.6770,0.4473,'2026-05-29 00:05:30');
/*!40000 ALTER TABLE `finance_profit_snapshot` ENABLE KEYS */;
UNLOCK TABLES;

LOCK TABLES `finance_vat_record` WRITE;
/*!40000 ALTER TABLE `finance_vat_record` DISABLE KEYS */;
/*!40000 ALTER TABLE `finance_vat_record` ENABLE KEYS */;
UNLOCK TABLES;

LOCK TABLES `inbound_order` WRITE;
/*!40000 ALTER TABLE `inbound_order` DISABLE KEYS */;
INSERT INTO `inbound_order` (`id`, `tenant_id`, `inbound_no`, `inbound_type`, `warehouse_id`, `warehouse_name`, `ref_type`, `ref_id`, `ref_no`, `expected_date`, `actual_date`, `status`, `total_sku_count`, `total_qty`, `actual_qty`, `operator_id`, `remark`, `create_time`, `update_time`, `create_by`, `update_by`, `is_deleted`, `version`) VALUES (910000000000000801,2059984036520636418,'IN-202605-8871',1,910000000000000501,'洛杉矶海外仓','PURCHASE_ORDER',910000000000000701,'PO-202605-2388','2026-06-08','2026-05-28',1,2,840,120,2059984037695041538,'采购单首批部分上架','2026-05-28 23:53:14','2026-05-29 09:28:54',2059984037695041538,2059984037695041538,0,0),(910000000000000802,2059984036520636418,'IN-202605-8879',1,910000000000000502,'宁波国内仓','PURCHASE_ORDER',910000000000000702,'PO-202605-2391','2026-05-31','2026-05-27',2,1,5000,2200,2059984037695041538,'包装耗材批次入库','2026-05-28 23:53:14','2026-05-29 09:28:54',2059984037695041538,2059984037695041538,0,0);
/*!40000 ALTER TABLE `inbound_order` ENABLE KEYS */;
UNLOCK TABLES;

LOCK TABLES `inbound_order_item` WRITE;
/*!40000 ALTER TABLE `inbound_order_item` DISABLE KEYS */;
INSERT INTO `inbound_order_item` (`id`, `tenant_id`, `inbound_id`, `sku_id`, `sku_code`, `sku_name`, `expected_qty`, `actual_qty`, `defective_qty`, `location_id`, `location_code`, `unit_cost`, `status`, `remark`) VALUES (910000000000000811,2059984036520636418,910000000000000801,910000000000000401,'SKU-US-AX901','AX9 宠物烘干箱 白色 110V',600,120,4,910000000000000511,'A-02-06',850.0000,2,'首批已上架'),(910000000000000812,2059984036520636418,910000000000000801,910000000000000402,'SKU-US-AX902','AX9 宠物烘干箱 灰色 110V',240,0,0,910000000000000511,'A-02-06',912.5000,0,'待到货'),(910000000000000813,2059984036520636418,910000000000000802,910000000000000403,'SKU-PKG-110','抗压快递纸箱 40x30x28cm',5000,2200,22,910000000000000513,'P-04-11',12.8000,2,'首批纸箱已入库');
/*!40000 ALTER TABLE `inbound_order_item` ENABLE KEYS */;
UNLOCK TABLES;

LOCK TABLES `inventory` WRITE;
/*!40000 ALTER TABLE `inventory` DISABLE KEYS */;
INSERT INTO `inventory` (`id`, `tenant_id`, `warehouse_id`, `location_id`, `sku_id`, `sku_code`, `sku_name`, `quantity`, `frozen_qty`, `in_transit_qty`, `defective_qty`, `reserved_qty`, `safety_stock`, `max_stock`, `reorder_point`, `avg_cost`, `total_cost`, `last_inbound_time`, `last_outbound_time`, `create_time`, `update_time`, `create_by`, `update_by`, `is_deleted`, `version`) VALUES (910000000000000521,2059984036520636418,910000000000000501,910000000000000511,910000000000000401,'SKU-US-AX901','AX9 宠物烘干箱 白色 110V',334,18,600,4,42,120,1200,180,850.0000,298350.0000,'2026-05-28 09:30:00','2026-05-30 20:31:43','2026-05-28 23:53:14','2026-05-30 20:31:42',2059984037695041538,2059984037695041538,0,0),(910000000000000522,2059984036520636418,910000000000000501,910000000000000511,910000000000000402,'SKU-US-AX902','AX9 宠物烘干箱 灰色 110V',48,6,240,0,16,80,900,160,912.5000,43800.0000,'2026-05-24 14:10:00','2026-05-28 10:18:00','2026-05-28 23:53:14','2026-05-29 09:28:54',2059984037695041538,2059984037695041538,0,0),(910000000000000523,2059984036520636418,910000000000000502,910000000000000513,910000000000000403,'SKU-PKG-110','抗压快递纸箱 40x30x28cm',2200,0,5000,22,180,1500,30000,5000,12.8000,28160.0000,'2026-05-27 16:05:00','2026-05-28 08:10:00','2026-05-28 23:53:14','2026-05-29 09:28:54',2059984037695041538,2059984037695041538,0,0),(910000000000000524,2059984036520636418,910000000000000503,910000000000000514,910000000000000404,'SKU-EU-CAMP01','折叠式户外储能灯 欧规黑色',0,0,360,0,0,90,1500,120,21.5000,0.0000,'2026-05-19 11:20:00','2026-05-27 19:10:00','2026-05-28 23:53:14','2026-05-29 09:28:54',2059984037695041538,2059984037695041538,0,0),(2060636211923927042,2059984036520636418,910000000000000501,910000000000000511,910000000000000403,'SKU-PKG-110','抗压快递纸箱 40x30x28cm',48,0,0,0,0,0,NULL,NULL,0.0000,0.0000,'2026-05-30 20:31:45',NULL,'2026-05-30 16:15:32','2026-05-30 16:15:32',2059984037695041538,2059984037695041538,0,15);
/*!40000 ALTER TABLE `inventory` ENABLE KEYS */;
UNLOCK TABLES;

LOCK TABLES `inventory_log` WRITE;
/*!40000 ALTER TABLE `inventory_log` DISABLE KEYS */;
INSERT INTO `inventory_log` (`id`, `tenant_id`, `log_type`, `warehouse_id`, `location_id`, `sku_id`, `sku_code`, `sku_name`, `change_qty`, `before_qty`, `after_qty`, `ref_type`, `ref_no`, `ref_id`, `batch_no`, `operator_id`, `operator_name`, `operate_time`, `remark`) VALUES (910000000000000531,2059984036520636418,1,910000000000000501,910000000000000511,910000000000000401,'SKU-US-AX901','AX9 宠物烘干箱 白色 110V',120,200,320,'PURCHASE_RECEIPT','RC-202605-8871',910000000000000711,'BATCH-AX901-0528',2059984037695041538,'管理员','2026-05-28 09:30:00','采购入库'),(910000000000000532,2059984036520636418,2,910000000000000501,910000000000000511,910000000000000401,'SKU-US-AX901','AX9 宠物烘干箱 白色 110V',-42,362,320,'SALES_ORDER','SO-202605-1001',910000000000001001,'BATCH-AX901-0528',2059984037695041538,'管理员','2026-05-28 11:42:00','销售出库'),(910000000000000533,2059984036520636418,1,910000000000000502,910000000000000513,910000000000000403,'SKU-PKG-110','抗压快递纸箱 40x30x28cm',5800,9800,15600,'PURCHASE_RECEIPT','RC-202605-8879',910000000000000712,'BATCH-PKG-0527',2059984037695041538,'管理员','2026-05-27 16:05:00','包装耗材入库'),(910000000000000534,2059984036520636418,2,910000000000000503,910000000000000514,910000000000000404,'SKU-EU-CAMP01','折叠式户外储能灯 欧规黑色',-18,18,0,'SALES_ORDER','SO-202605-1002',910000000000001002,'BATCH-CAMP-0527',2059984037695041538,'管理员','2026-05-27 19:10:00','欧洲订单清空库存'),(2060630780572987394,2059984036520636418,2,910000000000000501,910000000000000511,910000000000000401,'SKU-US-AX901','AX9 Pet Dryer White 110V',-1,351,350,'SALES_ORDER','OUT-20260530-0002',2060630777158823938,NULL,0,'仓管员','2026-05-30 15:53:57','确认出库，CAS扣减库存防止超卖'),(2060631609363263490,2059984036520636418,2,910000000000000501,910000000000000511,910000000000000401,'SKU-US-AX901','AX9 Pet Dryer White 110V',-1,350,349,'SALES_ORDER','OUT-20260530-0003',2060631608511819778,NULL,0,'仓管员','2026-05-30 15:57:15','确认出库，CAS扣减库存防止超卖'),(2060636212142030849,2059984036520636418,1,910000000000000501,910000000000000511,910000000000000403,'SKU-PKG-110','抗压快递纸箱 40x30x28cm',3,0,3,'PURCHASE_IN','RCV-20260530-0001',NULL,NULL,0,'内部联动','2026-05-30 16:15:32','PURCHASE_IN：RCV-20260530-0001'),(2060636522117873665,2059984036520636418,1,910000000000000501,910000000000000511,910000000000000403,'SKU-PKG-110','抗压快递纸箱 40x30x28cm',3,3,6,'PURCHASE_IN','RCV-20260530-0002',NULL,NULL,0,'内部联动','2026-05-30 16:16:46','PURCHASE_IN：RCV-20260530-0002'),(2060648699537145858,2059984036520636418,1,910000000000000501,910000000000000511,910000000000000403,'SKU-PKG-110','抗压快递纸箱 40x30x28cm',3,6,9,'PURCHASE_IN','RCV-20260530-0003',NULL,NULL,0,'内部联动','2026-05-30 17:05:10','PURCHASE_IN：RCV-20260530-0003'),(2060648705849573378,2059984036520636418,2,910000000000000501,910000000000000511,910000000000000401,'SKU-US-AX901','AX9 Pet Dryer White 110V',-1,349,348,'SALES_ORDER','OUT-20260530-0001',2060648700317286401,NULL,0,'仓管员','2026-05-30 17:05:11','确认出库，CAS扣减库存防止超卖'),(2060654389580283906,2059984036520636418,2,910000000000000501,910000000000000511,910000000000000401,'SKU-US-AX901','AX9 Pet Dryer White 110V',-1,348,347,'SALES_ORDER','OUT-20260530-0002',2060654388015808514,NULL,0,'仓管员','2026-05-30 17:27:46','确认出库，CAS扣减库存防止超卖'),(2060654392453382145,2059984036520636418,1,910000000000000501,910000000000000511,910000000000000403,'SKU-PKG-110','抗压快递纸箱 40x30x28cm',3,9,12,'PURCHASE_IN','RCV-20260530-0004',NULL,NULL,0,'内部联动','2026-05-30 17:27:47','PURCHASE_IN：RCV-20260530-0004'),(2060654977726562306,2059984036520636418,2,910000000000000501,910000000000000511,910000000000000401,'SKU-US-AX901','AX9 Pet Dryer White 110V',-1,347,346,'SALES_ORDER','OUT-20260530-0003',2060654977030307841,NULL,0,'仓管员','2026-05-30 17:30:06','确认出库，CAS扣减库存防止超卖'),(2060658258725060609,2059984036520636418,2,910000000000000501,910000000000000511,910000000000000401,'SKU-US-AX901','AX9 Pet Dryer White 110V',-1,346,345,'SALES_ORDER','OUT-20260530-0004',2060658257798119426,NULL,0,'仓管员','2026-05-30 17:43:09','确认出库，CAS扣减库存防止超卖'),(2060658261476524034,2059984036520636418,1,910000000000000501,910000000000000511,910000000000000403,'SKU-PKG-110','抗压快递纸箱 40x30x28cm',3,12,15,'PURCHASE_IN','RCV-20260530-0005',NULL,NULL,0,'内部联动','2026-05-30 17:43:09','PURCHASE_IN：RCV-20260530-0005'),(2060659068292841473,2059984036520636418,2,910000000000000501,910000000000000511,910000000000000401,'SKU-US-AX901','AX9 Pet Dryer White 110V',-1,345,344,'SALES_ORDER','OUT-20260530-0005',2060659067445592065,NULL,0,'仓管员','2026-05-30 17:46:22','确认出库，CAS扣减库存防止超卖'),(2060659070176083969,2059984036520636418,1,910000000000000501,910000000000000511,910000000000000403,'SKU-PKG-110','抗压快递纸箱 40x30x28cm',3,15,18,'PURCHASE_IN','RCV-20260530-0006',NULL,NULL,0,'内部联动','2026-05-30 17:46:22','PURCHASE_IN：RCV-20260530-0006'),(2060659634662293505,2059984036520636418,2,910000000000000501,910000000000000511,910000000000000401,'SKU-US-AX901','AX9 Pet Dryer White 110V',-1,344,343,'SALES_ORDER','OUT-20260530-0006',2060659633877958658,NULL,0,'仓管员','2026-05-30 17:48:37','确认出库，CAS扣减库存防止超卖'),(2060659645588455426,2059984036520636418,1,910000000000000501,910000000000000511,910000000000000403,'SKU-PKG-110','抗压快递纸箱 40x30x28cm',3,18,21,'PURCHASE_IN','RCV-20260530-0007',NULL,NULL,0,'内部联动','2026-05-30 17:48:39','PURCHASE_IN：RCV-20260530-0007'),(2060661538024865793,2059984036520636418,2,910000000000000501,910000000000000511,910000000000000401,'SKU-US-AX901','AX9 Pet Dryer White 110V',-1,343,342,'SALES_ORDER','OUT-20260530-0007',2060661537240530946,NULL,0,'仓管员','2026-05-30 17:56:11','确认出库，CAS扣减库存防止超卖'),(2060661540373676034,2059984036520636418,1,910000000000000501,910000000000000511,910000000000000403,'SKU-PKG-110','抗压快递纸箱 40x30x28cm',3,21,24,'PURCHASE_IN','RCV-20260530-0008',NULL,NULL,0,'内部联动','2026-05-30 17:56:11','PURCHASE_IN：RCV-20260530-0008'),(2060666841269288961,2059984036520636418,2,910000000000000501,910000000000000511,910000000000000401,'SKU-US-AX901','AX9 Pet Dryer White 110V',-1,342,341,'SALES_ORDER','OUT-20260530-0008',2060666840023580673,NULL,0,'仓管员','2026-05-30 18:17:15','确认出库，CAS扣减库存防止超卖'),(2060666843144142850,2059984036520636418,1,910000000000000501,910000000000000511,910000000000000403,'SKU-PKG-110','抗压快递纸箱 40x30x28cm',3,24,27,'PURCHASE_IN','RCV-20260530-0009',NULL,NULL,0,'内部联动','2026-05-30 18:17:15','PURCHASE_IN：RCV-20260530-0009'),(2060667999127879682,2059984036520636418,2,910000000000000501,910000000000000511,910000000000000401,'SKU-US-AX901','AX9 Pet Dryer White 110V',-1,341,340,'SALES_ORDER','OUT-20260530-0009',2060667998066720770,NULL,0,'仓管员','2026-05-30 18:21:51','确认出库，CAS扣减库存防止超卖'),(2060668001212448770,2059984036520636418,1,910000000000000501,910000000000000511,910000000000000403,'SKU-PKG-110','抗压快递纸箱 40x30x28cm',3,27,30,'PURCHASE_IN','RCV-20260530-0010',NULL,NULL,0,'内部联动','2026-05-30 18:21:52','PURCHASE_IN：RCV-20260530-0010'),(2060671061309538305,2059984036520636418,2,910000000000000501,910000000000000511,910000000000000401,'SKU-US-AX901','AX9 Pet Dryer White 110V',-1,340,339,'SALES_ORDER','OUT-20260530-0010',2060671060537786370,NULL,0,'仓管员','2026-05-30 18:34:01','确认出库，CAS扣减库存防止超卖'),(2060671062546857986,2059984036520636418,1,910000000000000501,910000000000000511,910000000000000403,'SKU-PKG-110','抗压快递纸箱 40x30x28cm',3,30,33,'PURCHASE_IN','RCV-20260530-0011',NULL,NULL,0,'内部联动','2026-05-30 18:34:01','PURCHASE_IN：RCV-20260530-0011'),(2060674603671896066,2059984036520636418,2,910000000000000501,910000000000000511,910000000000000401,'SKU-US-AX901','AX9 Pet Dryer White 110V',-1,339,338,'SALES_ORDER','OUT-20260530-0011',2060674602757537793,NULL,0,'仓管员','2026-05-30 18:48:06','确认出库，CAS扣减库存防止超卖'),(2060674606339473410,2059984036520636418,1,910000000000000501,910000000000000511,910000000000000403,'SKU-PKG-110','抗压快递纸箱 40x30x28cm',3,33,36,'PURCHASE_IN','RCV-20260530-0012',NULL,NULL,0,'内部联动','2026-05-30 18:48:06','PURCHASE_IN：RCV-20260530-0012'),(2060695031358439426,2059984036520636418,2,910000000000000501,910000000000000511,910000000000000401,'SKU-US-AX901','AX9 Pet Dryer White 110V',-1,338,337,'SALES_ORDER','OUT-20260530-0012',2060695030322446338,NULL,0,'仓管员','2026-05-30 20:09:16','确认出库，CAS扣减库存防止超卖'),(2060695035577909250,2059984036520636418,1,910000000000000501,910000000000000511,910000000000000403,'SKU-PKG-110','抗压快递纸箱 40x30x28cm',3,36,39,'PURCHASE_IN','RCV-20260530-0013',NULL,NULL,0,'内部联动','2026-05-30 20:09:17','PURCHASE_IN：RCV-20260530-0013'),(2060696285631496193,2059984036520636418,2,910000000000000501,910000000000000511,910000000000000401,'SKU-US-AX901','AX9 Pet Dryer White 110V',-1,337,336,'SALES_ORDER','OUT-20260530-0013',2060696284985573377,NULL,0,'仓管员','2026-05-30 20:14:15','确认出库，CAS扣减库存防止超卖'),(2060696295521665025,2059984036520636418,1,910000000000000501,910000000000000511,910000000000000403,'SKU-PKG-110','抗压快递纸箱 40x30x28cm',3,39,42,'PURCHASE_IN','RCV-20260530-0014',NULL,NULL,0,'内部联动','2026-05-30 20:14:17','PURCHASE_IN：RCV-20260530-0014'),(2060696636237561858,2059984036520636418,2,910000000000000501,910000000000000511,910000000000000401,'SKU-US-AX901','AX9 Pet Dryer White 110V',-1,336,335,'SALES_ORDER','OUT-20260530-0014',2060696635470004225,NULL,0,'仓管员','2026-05-30 20:15:39','确认出库，CAS扣减库存防止超卖'),(2060696637864951809,2059984036520636418,1,910000000000000501,910000000000000511,910000000000000403,'SKU-PKG-110','抗压快递纸箱 40x30x28cm',3,42,45,'PURCHASE_IN','RCV-20260530-0015',NULL,NULL,0,'内部联动','2026-05-30 20:15:39','PURCHASE_IN：RCV-20260530-0015'),(2060700680892989441,2059984036520636418,2,910000000000000501,910000000000000511,910000000000000401,'SKU-US-AX901','AX9 Pet Dryer White 110V',-1,335,334,'SALES_ORDER','OUT-20260530-0015',2060700678753894401,NULL,0,'仓管员','2026-05-30 20:31:43','确认出库，CAS扣减库存防止超卖'),(2060700690997067777,2059984036520636418,1,910000000000000501,910000000000000511,910000000000000403,'SKU-PKG-110','抗压快递纸箱 40x30x28cm',3,45,48,'PURCHASE_IN','RCV-20260530-0016',NULL,NULL,0,'内部联动','2026-05-30 20:31:45','PURCHASE_IN：RCV-20260530-0016');
/*!40000 ALTER TABLE `inventory_log` ENABLE KEYS */;
UNLOCK TABLES;

LOCK TABLES `inventory_platform_allocation` WRITE;
/*!40000 ALTER TABLE `inventory_platform_allocation` DISABLE KEYS */;
/*!40000 ALTER TABLE `inventory_platform_allocation` ENABLE KEYS */;
UNLOCK TABLES;

LOCK TABLES `inventory_warning_event` WRITE;
/*!40000 ALTER TABLE `inventory_warning_event` DISABLE KEYS */;
INSERT INTO `inventory_warning_event` (`id`, `tenant_id`, `warehouse_id`, `sku_id`, `sku_code`, `warning_level`, `available_qty`, `safety_stock`, `status`, `first_detected_time`, `last_detected_time`, `resolved_time`) VALUES (910000000000000541,2059984036520636418,910000000000000501,910000000000000401,'SKU-US-AX901',2,26,80,1,'2026-05-28 09:00:00','2026-05-28 12:00:00',NULL),(910000000000000542,2059984036520636418,910000000000000503,910000000000000404,'SKU-EU-CAMP01',3,0,90,1,'2026-05-27 19:10:00','2026-05-28 12:00:00',NULL);
/*!40000 ALTER TABLE `inventory_warning_event` ENABLE KEYS */;
UNLOCK TABLES;

LOCK TABLES `logistics_bill_record` WRITE;
/*!40000 ALTER TABLE `logistics_bill_record` DISABLE KEYS */;
/*!40000 ALTER TABLE `logistics_bill_record` ENABLE KEYS */;
UNLOCK TABLES;

LOCK TABLES `logistics_carrier` WRITE;
/*!40000 ALTER TABLE `logistics_carrier` DISABLE KEYS */;
INSERT INTO `logistics_carrier` (`id`, `tenant_id`, `carrier_code`, `carrier_name`, `carrier_name_en`, `carrier_type`, `logo_url`, `api_base_url`, `api_key`, `api_secret`, `api_account`, `api_version`, `track_api_url`, `support_label`, `support_track`, `status`, `remark`, `create_time`, `update_time`, `create_by`, `update_by`, `is_deleted`, `version`) VALUES (910000000000001101,2059984036520636418,'YUNEXPRESS','YunExpress','YunExpress',1,'https://www.yunexpress.com/favicon.ico','https://api.yunexpress.example.com','demo-key','demo-secret','flexchain-demo','v1','https://track.yunexpress.example.com',1,1,1,'US standard shipping','2026-05-29 00:05:30','2026-05-29 00:05:30',2059984037695041538,2059984037695041538,0,0),(910000000000001102,2059984036520636418,'DHLDE','DHL Germany','DHL Germany',1,'https://www.dhl.de/favicon.ico','https://api.dhl.example.com','demo-key','demo-secret','flexchain-demo','v2','https://track.dhl.example.com',1,1,1,'EU parcel channel','2026-05-29 00:05:30','2026-05-29 00:05:30',2059984037695041538,2059984037695041538,0,0);
/*!40000 ALTER TABLE `logistics_carrier` ENABLE KEYS */;
UNLOCK TABLES;

LOCK TABLES `logistics_channel` WRITE;
/*!40000 ALTER TABLE `logistics_channel` DISABLE KEYS */;
INSERT INTO `logistics_channel` (`id`, `tenant_id`, `carrier_id`, `channel_code`, `channel_name`, `channel_type`, `country_codes`, `min_weight_g`, `max_weight_g`, `max_length_mm`, `max_girth_mm`, `allow_battery`, `allow_liquid`, `allow_powder`, `allow_food`, `min_days`, `max_days`, `volume_factor`, `declared_value_limit`, `status`, `sort_order`, `remark`, `create_time`, `update_time`, `create_by`, `update_by`, `is_deleted`, `version`) VALUES (910000000000001111,2059984036520636418,910000000000001101,'YUN-US-STD','YunExpress US Standard',1,'[\"US\"]',0.00,30000.00,1200,3000,0,0,0,1,5.0,9.0,5000,800.00,1,10,'Balanced cost and delivery time for US','2026-05-29 00:05:30','2026-05-29 00:05:30',2059984037695041538,2059984037695041538,0,0),(910000000000001112,2059984036520636418,910000000000001102,'DHL-DE-PARCEL','DHL Paket DE',1,'[\"DE\", \"FR\", \"NL\"]',0.00,20000.00,1000,2500,1,0,0,1,3.0,6.0,5000,600.00,1,20,'EU channel accepts battery SKU','2026-05-29 00:05:30','2026-05-29 00:05:30',2059984037695041538,2059984037695041538,0,0);
/*!40000 ALTER TABLE `logistics_channel` ENABLE KEYS */;
UNLOCK TABLES;

LOCK TABLES `logistics_fee_record` WRITE;
/*!40000 ALTER TABLE `logistics_fee_record` DISABLE KEYS */;
INSERT INTO `logistics_fee_record` (`id`, `tenant_id`, `waybill_id`, `waybill_no`, `base_fee`, `fuel_surcharge`, `peak_surcharge`, `remote_fee`, `oversize_fee`, `insurance_fee`, `other_fee`, `estimated_total`, `actual_total`, `currency`, `billing_weight_g`, `rate_id`, `create_time`, `update_time`) VALUES (910000000000001221,2059984036520636418,910000000000001201,'WB-202605-9001',120.0000,18.0000,5.0000,0.0000,0.0000,5.0000,3.2000,148.00,151.20,'CNY',38688.00,NULL,'2026-05-29 00:05:30','2026-05-29 00:05:30'),(910000000000001222,2059984036520636418,910000000000001202,'WB-202605-9002',35.0000,4.5000,0.0000,0.0000,0.0000,2.5000,3.6000,42.00,45.60,'CNY',820.00,NULL,'2026-05-29 00:05:30','2026-05-29 00:05:30'),(2060700690665820161,2059984036520636418,2060700690548379650,'WB-20260530-0015',384.0000,30.7200,0.0000,0.0000,0.0000,2.0000,0.0000,416.72,NULL,'CNY',9600.00,910000000000001211,'2026-05-30 20:31:45','2026-05-30 20:31:45');
/*!40000 ALTER TABLE `logistics_fee_record` ENABLE KEYS */;
UNLOCK TABLES;

LOCK TABLES `logistics_rate` WRITE;
/*!40000 ALTER TABLE `logistics_rate` DISABLE KEYS */;
INSERT INTO `logistics_rate` (`id`, `tenant_id`, `channel_id`, `country_code`, `zone`, `currency`, `first_weight_g`, `first_weight_price`, `extra_weight_g`, `extra_weight_price`, `min_charge`, `fuel_rate`, `peak_rate`, `remote_area_fee`, `effective_date`, `expire_date`, `create_time`, `update_time`, `create_by`, `update_by`, `is_deleted`, `version`) VALUES (910000000000001211,2059984036520636418,910000000000001111,'US','US','CNY',500.00,42.0000,500.00,18.0000,42.0000,0.0800,0.0000,0.0000,'2026-01-01',NULL,'2026-05-30 15:56:53','2026-05-30 15:56:53',2059984037695041538,2059984037695041538,0,0);
/*!40000 ALTER TABLE `logistics_rate` ENABLE KEYS */;
UNLOCK TABLES;

LOCK TABLES `logistics_return` WRITE;
/*!40000 ALTER TABLE `logistics_return` DISABLE KEYS */;
/*!40000 ALTER TABLE `logistics_return` ENABLE KEYS */;
UNLOCK TABLES;

LOCK TABLES `logistics_track` WRITE;
/*!40000 ALTER TABLE `logistics_track` DISABLE KEYS */;
INSERT INTO `logistics_track` (`id`, `tenant_id`, `waybill_id`, `tracking_no`, `track_code`, `track_stage`, `raw_status`, `status_desc`, `location`, `location_country`, `track_time`, `fetch_time`, `is_exception`, `exception_type`, `exception_desc`) VALUES (910000000000001211,2059984036520636418,910000000000001201,'YTN202605280001','PICKUP',2,'Picked up','包裹已被物流商揽收','Los Angeles, CA','US','2026-05-28 18:30:00','2026-05-28 19:00:00',0,NULL,NULL),(910000000000001212,2059984036520636418,910000000000001201,'YTN202605280001','TRANSIT',3,'In transit','离开分拨中心','Los Angeles, CA','US','2026-05-28 23:20:00','2026-05-29 00:00:00',0,NULL,NULL),(910000000000001213,2059984036520636418,910000000000001202,'DHL202605210002','TRANSIT',3,'In transit','包裹中心已处理','Hamburg','DE','2026-05-21 22:10:00','2026-05-22 00:00:00',0,NULL,NULL),(910000000000001214,2059984036520636418,910000000000001202,'DHL202605210002','NO_UPDATE',6,'Exception','超过 7 天无轨迹更新','Hamburg','DE','2026-05-28 08:00:00','2026-05-28 08:10:00',1,2,'轨迹停滞');
/*!40000 ALTER TABLE `logistics_track` ENABLE KEYS */;
UNLOCK TABLES;

LOCK TABLES `logistics_waybill` WRITE;
/*!40000 ALTER TABLE `logistics_waybill` DISABLE KEYS */;
INSERT INTO `logistics_waybill` (`id`, `tenant_id`, `waybill_no`, `tracking_no`, `carrier_id`, `channel_id`, `order_id`, `order_no`, `warehouse_id`, `receiver_name`, `receiver_phone`, `country_code`, `state`, `city`, `address_line1`, `address_line2`, `zip_code`, `actual_weight_g`, `volume_weight_g`, `charge_weight_g`, `length_mm`, `width_mm`, `height_mm`, `package_count`, `declared_value`, `declared_currency`, `declared_name_en`, `hs_code`, `is_gift`, `estimated_fee`, `actual_fee`, `fee_currency`, `status`, `label_url`, `label_format`, `create_waybill_time`, `pickup_time`, `signed_time`, `exception_desc`, `create_time`, `update_time`, `create_by`, `update_by`, `is_deleted`, `version`) VALUES (910000000000001201,2059984036520636418,'WB-202605-9001','YTN202605280001',910000000000001101,910000000000001111,910000000000001001,'SO-202605-1001',910000000000000501,'Mia Johnson','+1 213 555 0101','US','CA','Los Angeles','900 Flower Street',NULL,'90015',9600.00,38688.00,38688.00,620,520,540,1,189.99,'USD','Pet Dryer Box','85167990',0,148.00,151.20,'CNY',2,'oss://demo/label/WB-202605-9001.pdf','PDF','2026-05-28 12:30:00','2026-05-28 18:30:00',NULL,NULL,'2026-05-29 00:05:30','2026-05-29 00:05:30',2059984037695041538,2059984037695041538,0,0),(910000000000001202,2059984036520636418,'WB-202605-9002','DHL202605210002',910000000000001102,910000000000001112,910000000000001002,'SO-202605-1002',910000000000000503,'Lukas Weber','+49 30 000 0102','DE','Berlin','Berlin','Alexanderplatz 1',NULL,'10178',820.00,439.00,820.00,210,110,95,1,49.99,'EUR','Outdoor Camping Light','94054290',0,42.00,45.60,'CNY',6,'oss://demo/label/WB-202605-9002.pdf','PDF','2026-05-21 09:00:00','2026-05-21 11:30:00',NULL,'超过 7 天无轨迹更新','2026-05-29 00:05:30','2026-05-29 09:28:54',2059984037695041538,2059984037695041538,0,0),(2060700690548379650,2059984036520636418,'WB-20260530-0015','TMSWB-20260530-0015',910000000000001101,910000000000001111,930000000000100101,'SO-CODEX-CHAIN-101',910000000000000501,'Codex Chain Buyer','+1 213 555 0101','US','CA','Los Angeles','900 Flower Street',NULL,'90015',9600.00,34.82,9600.00,620,520,540,1,199.99,'USD','Pet Dryer Box','85167990',0,416.72,NULL,'CNY',0,'https://labels.example.com/yunexpress/TMSWB-20260530-0015.pdf','PDF','2026-05-30 20:31:45',NULL,NULL,NULL,'2026-05-30 20:31:45','2026-05-30 20:31:45',2059984037695041538,2059984037695041538,0,0);
/*!40000 ALTER TABLE `logistics_waybill` ENABLE KEYS */;
UNLOCK TABLES;

LOCK TABLES `order_address` WRITE;
/*!40000 ALTER TABLE `order_address` DISABLE KEYS */;
INSERT INTO `order_address` (`id`, `tenant_id`, `order_id`, `receiver_name`, `phone`, `email`, `country_code`, `country_name`, `state`, `city`, `address_line1`, `address_line2`, `zip_code`, `full_address`, `is_verified`) VALUES (910000000000001021,2059984036520636418,910000000000001001,'Mia Johnson','+1 213 555 0101','mia@example.com','US','United States','CA','Los Angeles','900 Flower Street',NULL,'90015','900 Flower Street, Los Angeles, CA 90015, US',1),(910000000000001022,2059984036520636418,910000000000001002,'Lukas Weber','+49 30 000 0102','lukas@example.de','DE','Germany','Berlin','Berlin','Alexanderplatz 1',NULL,'10178','Alexanderplatz 1, 10178 Berlin, DE',1),(930000000000100003,2059984036520636418,930000000000100001,'Codex Test Buyer','+1 213 555 0101','buyer@example.com','US','United States','CA','Los Angeles','900 Flower Street',NULL,'90015','900 Flower Street Los Angeles US',1),(930000000000100100,2059984036520636400,930000000000100100,'Codex Chain Buyer','+1 213 555 0101','buyer@example.com','US','United States','CA','Los Angeles','900 Flower Street',NULL,'90015','900 Flower Street Los Angeles US',1),(930000000000100103,2059984036520636418,930000000000100101,'Codex Chain Buyer','+1 213 555 0101','buyer@example.com','US','United States','CA','Los Angeles','900 Flower Street',NULL,'90015','900 Flower Street Los Angeles US',1);
/*!40000 ALTER TABLE `order_address` ENABLE KEYS */;
UNLOCK TABLES;

LOCK TABLES `order_item` WRITE;
/*!40000 ALTER TABLE `order_item` DISABLE KEYS */;
INSERT INTO `order_item` (`id`, `tenant_id`, `order_id`, `order_no`, `sku_id`, `sku_code`, `sku_name`, `platform_sku_id`, `quantity`, `unit_price`, `discount`, `amount`, `currency`, `refunded_qty`) VALUES (910000000000001011,2059984036520636418,910000000000001001,'SO-202605-1001',910000000000000401,'SKU-US-AX901','AX9 宠物烘干箱 白色 110V','TT-AX901-WH',1,199.9900,10.00,189.99,'USD',0),(910000000000001012,2059984036520636418,910000000000001002,'SO-202605-1002',910000000000000404,'SKU-EU-CAMP01','折叠式户外储能灯 欧规黑色','AMZ-CAMP01-EU',1,49.9900,0.00,49.99,'EUR',0),(930000000000100002,2059984036520636418,930000000000100001,'SO-CODEX-CHAIN-001',910000000000000401,'SKU-US-AX901','AX9 宠物烘干箱 白色 110V','X004AX901W',1,199.9900,0.00,199.99,'USD',0),(930000000000100100,2059984036520636400,930000000000100100,'SO-CODEX-CHAIN-101',910000000000000400,'SKU-US-AX901','AX9 Pet Dryer White 110V','CHAIN-SKU',1,199.9900,0.00,199.99,'USD',0),(930000000000100102,2059984036520636418,930000000000100101,'SO-CODEX-CHAIN-101',910000000000000401,'SKU-US-AX901','AX9 Pet Dryer White 110V','CHAIN-SKU',1,199.9900,0.00,199.99,'USD',0);
/*!40000 ALTER TABLE `order_item` ENABLE KEYS */;
UNLOCK TABLES;

LOCK TABLES `order_log` WRITE;
/*!40000 ALTER TABLE `order_log` DISABLE KEYS */;
INSERT INTO `order_log` (`id`, `tenant_id`, `order_id`, `order_no`, `from_status`, `to_status`, `action`, `operator_type`, `operator_id`, `operator_name`, `remark`, `operate_time`) VALUES (2060625947036024833,2059984036520636418,930000000000100001,'SO-CODEX-CHAIN-001',0,4,'风控审核通过',1,NULL,'SYSTEM','订单进入待发货','2026-05-30 15:34:45'),(2060700679462830082,2059984036520636418,930000000000100101,'SO-CODEX-CHAIN-101',0,4,'风控审核通过',1,NULL,'SYSTEM','订单进入待发货','2026-05-30 20:31:43'),(2060700681681616898,2059984036520636418,930000000000100101,'SO-CODEX-CHAIN-101',4,5,'WMS出库回调',1,NULL,'SYSTEM','出库单：OUT-20260530-0015','2026-05-30 20:31:43'),(2060700690997166082,2059984036520636418,930000000000100101,'SO-CODEX-CHAIN-101',5,5,'TMS物流回调',1,NULL,'SYSTEM','运单：WB-20260530-0015，追踪号：TMSWB-20260530-0015','2026-05-30 20:31:45');
/*!40000 ALTER TABLE `order_log` ENABLE KEYS */;
UNLOCK TABLES;

LOCK TABLES `order_main` WRITE;
/*!40000 ALTER TABLE `order_main` DISABLE KEYS */;
INSERT INTO `order_main` (`id`, `tenant_id`, `order_no`, `platform`, `platform_order_no`, `store_id`, `total_amount`, `discount_amount`, `shipping_fee`, `payment_amount`, `currency`, `exchange_rate`, `cny_amount`, `platform_fee`, `status`, `cancel_reason`, `is_abnormal`, `abnormal_reason`, `warehouse_id`, `logistics_channel`, `waybill_no`, `ship_time`, `delivery_deadline`, `signed_time`, `platform_order_time`, `platform_pay_time`, `create_time`, `update_time`, `create_by`, `update_by`, `is_deleted`, `version`) VALUES (910000000000001001,2059984036520636418,'SO-202605-1001','TikTok','TT-US-202605280001',1001,199.99,10.00,0.00,189.99,'USD',7.200000,1367.93,18.20,6,NULL,0,NULL,910000000000000501,'YunExpress US Standard','WB-202605-9001','2026-05-28 13:20:00','2026-05-29',NULL,'2026-05-28 09:15:00','2026-05-28 09:16:00','2026-05-29 00:05:30','2026-05-29 00:05:30',2059984037695041538,2059984037695041538,0,0),(910000000000001002,2059984036520636418,'SO-202605-1002','Amazon','AMZ-DE-303-778899',2001,49.99,0.00,4.99,54.98,'EUR',7.800000,428.84,7.60,7,NULL,1,'Tracking has not updated for more than 7 days',910000000000000503,'DHL Paket DE','WB-202605-9002','2026-05-21 11:30:00','2026-05-22',NULL,'2026-05-20 20:05:00','2026-05-20 20:07:00','2026-05-29 00:05:30','2026-05-29 00:05:30',2059984037695041538,2059984037695041538,0,0),(930000000000100001,2059984036520636418,'SO-CODEX-CHAIN-001','TikTok','TT-CODEX-CHAIN-001',1001,199.99,0.00,0.00,199.99,'USD',7.200000,1439.93,0.00,4,NULL,0,NULL,910000000000000501,NULL,NULL,NULL,'2026-06-01',NULL,'2026-05-30 15:34:27','2026-05-30 15:34:27','2026-05-30 15:34:27','2026-05-30 15:34:27',2059984037695041538,2059984037695041538,0,1),(930000000000100100,2059984036520636400,'SO-CODEX-CHAIN-101','TikTok','TT-SO-CODEX-CHAIN-101',1001,199.99,0.00,0.00,199.99,'USD',7.200000,1439.93,0.00,0,NULL,0,NULL,910000000000000500,NULL,NULL,NULL,'2026-06-01',NULL,'2026-05-30 15:49:41','2026-05-30 15:49:41','2026-05-30 15:49:41','2026-05-30 15:49:41',2059984037695041538,2059984037695041538,0,0),(930000000000100101,2059984036520636418,'SO-CODEX-CHAIN-101','TikTok','TT-SO-CODEX-CHAIN-101',1001,199.99,0.00,0.00,199.99,'USD',7.200000,1439.93,0.00,5,NULL,0,NULL,910000000000000501,NULL,'TMSWB-20260530-0015','2026-05-30 20:31:43','2026-06-01',NULL,'2026-05-30 20:31:41','2026-05-30 20:31:41','2026-05-30 20:31:41','2026-05-30 20:31:41',2059984037695041538,2059984037695041538,0,3);
/*!40000 ALTER TABLE `order_main` ENABLE KEYS */;
UNLOCK TABLES;

LOCK TABLES `order_platform_raw` WRITE;
/*!40000 ALTER TABLE `order_platform_raw` DISABLE KEYS */;
/*!40000 ALTER TABLE `order_platform_raw` ENABLE KEYS */;
UNLOCK TABLES;

LOCK TABLES `order_refund` WRITE;
/*!40000 ALTER TABLE `order_refund` DISABLE KEYS */;
/*!40000 ALTER TABLE `order_refund` ENABLE KEYS */;
UNLOCK TABLES;

LOCK TABLES `outbound_order` WRITE;
/*!40000 ALTER TABLE `outbound_order` DISABLE KEYS */;
INSERT INTO `outbound_order` (`id`, `tenant_id`, `outbound_no`, `outbound_type`, `warehouse_id`, `warehouse_name`, `ref_type`, `ref_id`, `ref_no`, `plan_date`, `actual_date`, `status`, `pick_user_id`, `pick_start_time`, `pick_end_time`, `total_qty`, `remark`, `create_time`, `update_time`, `create_by`, `update_by`, `is_deleted`, `version`) VALUES (2060700678753894401,2059984036520636418,'OUT-20260530-0015',1,910000000000000501,'洛杉矶海外仓','SALES_ORDER',930000000000100101,'SO-CODEX-CHAIN-101','2026-06-01','2026-05-30',4,NULL,NULL,NULL,1,'OMS订单审核生成销售出库单','2026-05-30 20:31:42','2026-05-30 20:31:42',2059984037695041538,2059984037695041538,0,1);
/*!40000 ALTER TABLE `outbound_order` ENABLE KEYS */;
UNLOCK TABLES;

LOCK TABLES `outbound_order_item` WRITE;
/*!40000 ALTER TABLE `outbound_order_item` DISABLE KEYS */;
INSERT INTO `outbound_order_item` (`id`, `tenant_id`, `outbound_id`, `sku_id`, `sku_code`, `sku_name`, `quantity`, `picked_qty`, `location_id`, `location_code`, `pick_status`, `remark`) VALUES (2060700678934249473,2059984036520636418,2060700678753894401,910000000000000401,'SKU-US-AX901','AX9 Pet Dryer White 110V',1,1,910000000000000511,NULL,1,'FIFO分配库位，按入库时间和路径排序');
/*!40000 ALTER TABLE `outbound_order_item` ENABLE KEYS */;
UNLOCK TABLES;

LOCK TABLES `product_attr_template` WRITE;
/*!40000 ALTER TABLE `product_attr_template` DISABLE KEYS */;
/*!40000 ALTER TABLE `product_attr_template` ENABLE KEYS */;
UNLOCK TABLES;

LOCK TABLES `product_category` WRITE;
/*!40000 ALTER TABLE `product_category` DISABLE KEYS */;
INSERT INTO `product_category` (`id`, `tenant_id`, `parent_id`, `category_name`, `category_name_en`, `level`, `path`, `icon_url`, `sort_order`, `status`, `create_time`, `update_time`, `create_by`, `update_by`, `is_deleted`, `version`) VALUES (910000000000000201,2059984036520636418,0,'宠物电器','Pet Appliance',1,'/pet',NULL,10,1,'2026-05-28 23:53:14','2026-05-29 09:28:54',2059984037695041538,2059984037695041538,0,0),(910000000000000202,2059984036520636418,0,'包装耗材','Packaging Consumables',1,'/packaging',NULL,20,1,'2026-05-28 23:53:14','2026-05-29 09:28:54',2059984037695041538,2059984037695041538,0,0),(910000000000000203,2059984036520636418,0,'户外装备','Outdoor Gear',1,'/outdoor',NULL,30,1,'2026-05-28 23:53:14','2026-05-29 09:28:54',2059984037695041538,2059984037695041538,0,0);
/*!40000 ALTER TABLE `product_category` ENABLE KEYS */;
UNLOCK TABLES;

LOCK TABLES `product_i18n` WRITE;
/*!40000 ALTER TABLE `product_i18n` DISABLE KEYS */;
/*!40000 ALTER TABLE `product_i18n` ENABLE KEYS */;
UNLOCK TABLES;

LOCK TABLES `product_image` WRITE;
/*!40000 ALTER TABLE `product_image` DISABLE KEYS */;
INSERT INTO `product_image` (`id`, `tenant_id`, `spu_id`, `sku_id`, `image_type`, `image_url`, `thumb_url`, `image_width`, `image_height`, `file_size`, `sort_order`, `alt_text`, `create_time`, `update_time`, `create_by`, `update_by`, `is_deleted`, `version`) VALUES (910000000000000421,2059984036520636418,910000000000000301,910000000000000401,1,'https://images.unsplash.com/photo-1583337130417-3346a1be7dee?w=900','https://images.unsplash.com/photo-1583337130417-3346a1be7dee?w=240',900,600,245000,1,'宠物烘干箱主图','2026-05-28 23:53:14','2026-05-28 23:53:14',2059984037695041538,2059984037695041538,0,0),(910000000000000422,2059984036520636418,910000000000000302,910000000000000403,1,'https://images.unsplash.com/photo-1605600659873-d808a13e4d2a?w=900','https://images.unsplash.com/photo-1605600659873-d808a13e4d2a?w=240',900,600,198000,1,'快递纸箱主图','2026-05-28 23:53:14','2026-05-28 23:53:14',2059984037695041538,2059984037695041538,0,0),(910000000000000423,2059984036520636418,910000000000000303,910000000000000404,1,'https://images.unsplash.com/photo-1504280390367-361c6d9f38f4?w=900','https://images.unsplash.com/photo-1504280390367-361c6d9f38f4?w=240',900,600,238000,1,'户外储能灯主图','2026-05-28 23:53:14','2026-05-28 23:53:14',2059984037695041538,2059984037695041538,0,0);
/*!40000 ALTER TABLE `product_image` ENABLE KEYS */;
UNLOCK TABLES;

LOCK TABLES `product_sku` WRITE;
/*!40000 ALTER TABLE `product_sku` DISABLE KEYS */;
INSERT INTO `product_sku` (`id`, `tenant_id`, `spu_id`, `sku_code`, `sku_name`, `barcode`, `fnsku`, `spec_values`, `spec_values_en`, `net_weight_g`, `gross_weight_g`, `length_mm`, `width_mm`, `height_mm`, `is_battery`, `is_liquid`, `is_powder`, `cost_price`, `cost_currency`, `abc_class`, `status`, `remark`, `create_time`, `update_time`, `create_by`, `update_by`, `is_deleted`, `version`) VALUES (910000000000000401,2059984036520636418,910000000000000301,'SKU-US-AX901','AX9 宠物烘干箱 白色 110V','6970000009011','X004AX901W','{\"color\": \"white\", \"voltage\": \"110V\"}','{\"color\": \"White\", \"voltage\": \"110V\"}',5200.00,6100.00,520.00,410.00,460.00,0,0,0,850.0000,'CNY','A',1,'美国热销款','2026-05-28 23:53:14','2026-05-29 09:28:54',2059984037695041538,2059984037695041538,0,0),(910000000000000402,2059984036520636418,910000000000000301,'SKU-US-AX902','AX9 宠物烘干箱 灰色 110V','6970000009028','X004AX902G','{\"color\": \"gray\", \"voltage\": \"110V\"}','{\"color\": \"Gray\", \"voltage\": \"110V\"}',5200.00,6120.00,520.00,410.00,460.00,0,0,0,912.5000,'CNY','A',1,'美国备选颜色款','2026-05-28 23:53:14','2026-05-29 09:28:54',2059984037695041538,2059984037695041538,0,0),(910000000000000403,2059984036520636418,910000000000000302,'SKU-PKG-110','抗压快递纸箱 40x30x28cm','6970000011007',NULL,'{\"size\": \"40*30*28cm\", \"layer\": \"5-ply\"}','{\"size\": \"40*30*28cm\", \"layer\": \"5-ply\"}',180.00,220.00,400.00,300.00,280.00,0,0,0,12.8000,'CNY','B',1,'包装耗材','2026-05-28 23:53:14','2026-05-29 09:28:54',2059984037695041538,2059984037695041538,0,0),(910000000000000404,2059984036520636418,910000000000000303,'SKU-EU-CAMP01','折叠式户外储能灯 欧规黑色','6970000020016','X004CAMP01','{\"plug\": \"EU\", \"color\": \"black\"}','{\"plug\": \"EU\", \"color\": \"Black\"}',760.00,980.00,180.00,120.00,105.00,1,0,0,21.5000,'USD','A',1,'欧洲含电 SKU','2026-05-28 23:53:14','2026-05-29 09:28:54',2059984037695041538,2059984037695041538,0,0);
/*!40000 ALTER TABLE `product_sku` ENABLE KEYS */;
UNLOCK TABLES;

LOCK TABLES `product_sku_price` WRITE;
/*!40000 ALTER TABLE `product_sku_price` DISABLE KEYS */;
INSERT INTO `product_sku_price` (`id`, `tenant_id`, `sku_id`, `price_type`, `platform`, `country_code`, `price`, `currency`, `min_qty`, `max_qty`, `effective_time`, `expire_time`, `is_active`, `create_time`, `update_time`, `create_by`, `update_by`, `is_deleted`, `version`) VALUES (910000000000000411,2059984036520636418,910000000000000401,1,'Amazon','US',189.9900,'USD',1,NULL,'2026-05-01 00:00:00',NULL,1,'2026-05-28 23:53:14','2026-05-28 23:53:14',2059984037695041538,2059984037695041538,0,0),(910000000000000412,2059984036520636418,910000000000000402,1,'TikTok','US',199.9900,'USD',1,NULL,'2026-05-01 00:00:00',NULL,1,'2026-05-28 23:53:14','2026-05-28 23:53:14',2059984037695041538,2059984037695041538,0,0),(910000000000000413,2059984036520636418,910000000000000404,1,'Amazon','DE',49.9900,'EUR',1,NULL,'2026-05-01 00:00:00',NULL,1,'2026-05-28 23:53:14','2026-05-28 23:53:14',2059984037695041538,2059984037695041538,0,0),(910000000000000414,2059984036520636418,910000000000000403,2,'Internal','US',12.8000,'CNY',1000,NULL,'2026-05-01 00:00:00',NULL,1,'2026-05-28 23:53:14','2026-05-28 23:53:14',2059984037695041538,2059984037695041538,0,0);
/*!40000 ALTER TABLE `product_sku_price` ENABLE KEYS */;
UNLOCK TABLES;

LOCK TABLES `product_spu` WRITE;
/*!40000 ALTER TABLE `product_spu` DISABLE KEYS */;
INSERT INTO `product_spu` (`id`, `tenant_id`, `spu_code`, `spu_name`, `category_id`, `category_path`, `brand`, `hs_code`, `origin_country`, `material`, `certifications`, `status`, `publish_time`, `shelf_off_time`, `spu_desc`, `package_desc`, `remark`, `create_time`, `update_time`, `create_by`, `update_by`, `is_deleted`, `version`) VALUES (910000000000000301,2059984036520636418,'SPU-PET-DRYER-01','AX9 多规格宠物烘干箱',910000000000000201,'/pet','FlexPet','84193990','CN','ABS、钢化玻璃、电子元件','[\"CE\", \"FCC\"]',2,'2026-05-10 10:00:00',NULL,'面向跨境平台销售的多规格宠物烘干箱','泡棉防护外箱','美国 TikTok 热销 SKU','2026-05-28 23:53:14','2026-05-29 09:28:54',2059984037695041538,2059984037695041538,0,0),(910000000000000302,2059984036520636418,'SPU-PKG-CARTON-01','40x30x28 抗压快递纸箱',910000000000000202,'/packaging','Yuanhang','48191000','CN','五层瓦楞纸','[\"ISTA\"]',2,'2026-04-18 09:00:00',NULL,'仓库出库使用的包装耗材','扁平打包成捆','仓储耗材','2026-05-28 23:53:14','2026-05-29 09:28:54',2059984037695041538,2059984037695041538,0,0),(910000000000000303,2059984036520636418,'SPU-EU-CAMP-LIGHT-01','折叠式户外储能灯',910000000000000203,'/outdoor','Senhai','94054100','CN','铝合金、锂电池','[\"CE\", \"RoHS\"]',2,'2026-05-30 19:44:01',NULL,'可充电户外露营灯','零售彩盒','欧洲季节性 SKU','2026-05-28 23:53:14','2026-05-29 09:28:54',2059984037695041538,2059984037695041538,0,2);
/*!40000 ALTER TABLE `product_spu` ENABLE KEYS */;
UNLOCK TABLES;

LOCK TABLES `purchase_inquiry` WRITE;
/*!40000 ALTER TABLE `purchase_inquiry` DISABLE KEYS */;
INSERT INTO `purchase_inquiry` (`id`, `tenant_id`, `inquiry_no`, `req_id`, `supplier_id`, `supplier_name`, `status`, `send_time`, `quote_deadline`, `quoted_time`, `response_hours`, `total_quote_amt`, `quote_valid_days`, `quote_expire_date`, `remark`, `supplier_remark`, `create_time`, `update_time`, `create_by`, `is_deleted`) VALUES (910000000000000621,2059984036520636418,'INQ-202605-0601',910000000000000601,910000000000000101,'深圳华景电子有限公司',2,'2026-05-26 10:15:00','2026-05-27 18:00:00','2026-05-26 13:20:00',3.08,729000.00,30,'2026-06-25','六月补货询价对比','可分两批发货','2026-05-28 23:53:14','2026-05-29 09:28:54',2059984037695041538,0);
/*!40000 ALTER TABLE `purchase_inquiry` ENABLE KEYS */;
UNLOCK TABLES;

LOCK TABLES `purchase_inquiry_item` WRITE;
/*!40000 ALTER TABLE `purchase_inquiry_item` DISABLE KEYS */;
INSERT INTO `purchase_inquiry_item` (`id`, `tenant_id`, `inquiry_id`, `sku_id`, `sku_code`, `sku_name`, `inquiry_qty`, `quoted_price`, `quoted_qty`, `delivery_days`, `min_order_qty`, `remark`) VALUES (910000000000000631,2059984036520636418,910000000000000621,910000000000000401,'SKU-US-AX901','AX9 宠物烘干箱 白色 110V',600,850.0000,600,13,200,'工厂现货可排产'),(910000000000000632,2059984036520636418,910000000000000621,910000000000000402,'SKU-US-AX902','AX9 宠物烘干箱 灰色 110V',240,912.5000,240,15,200,'需确认灰色外壳库存');
/*!40000 ALTER TABLE `purchase_inquiry_item` ENABLE KEYS */;
UNLOCK TABLES;

LOCK TABLES `purchase_order` WRITE;
/*!40000 ALTER TABLE `purchase_order` DISABLE KEYS */;
INSERT INTO `purchase_order` (`id`, `tenant_id`, `po_no`, `req_id`, `inquiry_id`, `supplier_id`, `supplier_name`, `warehouse_id`, `warehouse_name`, `total_amount`, `tax_amount`, `currency`, `exchange_rate`, `payment_type`, `payment_days`, `paid_amount`, `order_date`, `expected_date`, `confirmed_date`, `actual_delivery_date`, `status`, `logistics_company`, `tracking_no`, `contract_no`, `invoice_no`, `remark`, `create_time`, `update_time`, `create_by`, `update_by`, `is_deleted`, `version`) VALUES (910000000000000701,2059984036520636418,'PO-202605-2388',910000000000000601,910000000000000621,910000000000000101,'深圳华景电子有限公司',910000000000000501,'洛杉矶海外仓',729000.00,94770.00,'CNY',1.000000,1,30,0.00,'2026-05-26','2026-06-08','2026-05-27','2026-05-28',1,'顺丰国际','SFUS2026052388','CT-202605-HJ-01','INV-HJ-2026052388','首批部分到货','2026-05-28 23:53:14','2026-05-29 09:28:54',2059984037695041538,2059984037695041538,0,0),(910000000000000702,2059984036520636418,'PO-202605-2391',NULL,NULL,910000000000000102,'宁波远航包装厂',910000000000000502,'宁波国内仓',186500.00,24245.00,'CNY',1.000000,1,15,86500.00,'2026-05-22','2026-05-31','2026-05-23','2026-05-27',3,'美森快船','MSNJ2026052391','CT-202605-YH-02','INV-YH-2026052391','包装耗材已到货，待结算','2026-05-28 23:53:14','2026-05-29 09:28:54',2059984037695041538,2059984037695041538,0,0),(910000000000000703,2059984036520636418,'PO-202605-2402',NULL,NULL,910000000000000103,'厦门森海户外用品有限公司',910000000000000503,'汉堡欧洲仓',42800.00,0.00,'USD',7.200000,1,45,0.00,'2026-05-18','2026-05-25','2026-05-19','2026-05-21',4,'DHL Freight','DHLDE2026052402','CT-202605-SH-03','INV-SH-2026052402','欧洲含电 SKU 生产中','2026-05-28 23:53:14','2026-05-29 09:28:54',2059984037695041538,2059984037695041538,0,0),(2060700683757764610,2059984036520636418,'PO-20260530-0016',2060700681417342977,NULL,930000000000200101,'Codex Chain Supplier 101',910000000000000501,'洛杉矶海外仓',37.50,0.00,'CNY',1.000000,1,15,0.00,'2026-05-30','2026-06-05','2026-06-05',NULL,7,NULL,NULL,NULL,'INV-CODEX-CHAIN-101','SRM-PMS-WMS-FMS chain audit','2026-05-30 20:31:44','2026-05-30 20:31:45',2059984037695041538,2059984037695041538,0,0);
/*!40000 ALTER TABLE `purchase_order` ENABLE KEYS */;
UNLOCK TABLES;

LOCK TABLES `purchase_order_item` WRITE;
/*!40000 ALTER TABLE `purchase_order_item` DISABLE KEYS */;
INSERT INTO `purchase_order_item` (`id`, `tenant_id`, `po_id`, `sku_id`, `sku_code`, `sku_name`, `spec`, `unit`, `quantity`, `received_qty`, `unit_price`, `amount`, `expect_date`, `remark`) VALUES (910000000000000711,2059984036520636418,910000000000000701,910000000000000401,'SKU-US-AX901','AX9 宠物烘干箱 白色 110V','白色 / 110V','件',600,120,850.0000,510000.00,'2026-06-08','首批到货 120 件'),(910000000000000712,2059984036520636418,910000000000000701,910000000000000402,'SKU-US-AX902','AX9 宠物烘干箱 灰色 110V','灰色 / 110V','件',240,0,912.5000,219000.00,'2026-06-08','待到货'),(910000000000000713,2059984036520636418,910000000000000702,910000000000000403,'SKU-PKG-110','抗压快递纸箱 40x30x28cm','五层瓦楞纸箱','个',5000,2200,12.8000,64000.00,'2026-05-31','部分入库'),(910000000000000714,2059984036520636418,910000000000000703,910000000000000404,'SKU-EU-CAMP01','折叠式户外储能灯 欧规黑色','黑色 / 欧规插头','件',1200,860,21.5000,25800.00,'2026-05-25','生产中'),(2060700683950702594,2059984036520636418,2060700683757764610,910000000000000403,'SKU-PKG-110','抗压快递纸箱 40x30x28cm',NULL,'件',3,3,12.5000,37.50,'2026-06-05',NULL);
/*!40000 ALTER TABLE `purchase_order_item` ENABLE KEYS */;
UNLOCK TABLES;

LOCK TABLES `purchase_receipt` WRITE;
/*!40000 ALTER TABLE `purchase_receipt` DISABLE KEYS */;
INSERT INTO `purchase_receipt` (`id`, `tenant_id`, `receipt_no`, `po_id`, `po_no`, `supplier_id`, `warehouse_id`, `receive_date`, `receiver_id`, `receiver_name`, `status`, `total_qty`, `pass_qty`, `reject_qty`, `is_on_time`, `remark`, `create_time`, `update_time`, `create_by`, `update_by`, `is_deleted`, `version`) VALUES (910000000000000721,2059984036520636418,'RC-202605-8871',910000000000000701,'PO-202605-2388',910000000000000101,910000000000000501,'2026-05-28',2059984037695041538,'管理员',2,120,116,4,1,'首批到达洛杉矶海外仓','2026-05-28 23:53:14','2026-05-29 09:28:54',2059984037695041538,2059984037695041538,0,0),(910000000000000722,2059984036520636418,'RC-202605-8879',910000000000000702,'PO-202605-2391',910000000000000102,910000000000000502,'2026-05-27',2059984037695041538,'管理员',2,5800,5778,22,1,'包装耗材批次到货','2026-05-28 23:53:14','2026-05-29 09:28:54',2059984037695041538,2059984037695041538,0,0),(910000000000000723,2059984036520636418,'RC-202605-8882',910000000000000703,'PO-202605-2402',910000000000000103,910000000000000503,'2026-05-25',2059984037695041538,'测试管理员',2,860,860,0,0,'到货延迟 1 天','2026-05-28 23:53:14','2026-05-28 23:53:14',2059984037695041538,2059984037695041538,0,0),(2060700686588919810,2059984036520636418,'RCV-20260530-0016',2060700683757764610,'PO-20260530-0016',930000000000200101,910000000000000501,'2026-05-30',2059984037695041538,'租户管理员',3,3,3,0,1,'SRM-PMS-WMS-FMS chain audit receipt','2026-05-30 20:31:44','2026-05-30 20:31:44',2059984037695041538,2059984037695041538,0,1);
/*!40000 ALTER TABLE `purchase_receipt` ENABLE KEYS */;
UNLOCK TABLES;

LOCK TABLES `purchase_receipt_item` WRITE;
/*!40000 ALTER TABLE `purchase_receipt_item` DISABLE KEYS */;
INSERT INTO `purchase_receipt_item` (`id`, `tenant_id`, `receipt_id`, `po_item_id`, `sku_id`, `sku_code`, `sku_name`, `expected_qty`, `actual_qty`, `pass_qty`, `reject_qty`, `reject_reason`, `location_id`, `status`) VALUES (910000000000000731,2059984036520636418,910000000000000721,910000000000000711,910000000000000401,'SKU-US-AX901','AX9 宠物烘干箱 白色 110V',120,120,116,4,'外箱破损',910000000000000511,1),(910000000000000732,2059984036520636418,910000000000000722,910000000000000713,910000000000000403,'SKU-PKG-110','抗压快递纸箱 40x30x28cm',5800,5800,5778,22,'边角受潮',910000000000000513,1),(910000000000000733,2059984036520636418,910000000000000723,910000000000000714,910000000000000404,'SKU-EU-CAMP01','折叠式户外储能灯 欧规黑色',860,860,860,0,NULL,910000000000000514,1),(2060700686848966657,2059984036520636418,2060700686588919810,2060700683950702594,910000000000000403,'SKU-PKG-110','抗压快递纸箱 40x30x28cm',3,3,3,0,NULL,910000000000000511,1);
/*!40000 ALTER TABLE `purchase_receipt_item` ENABLE KEYS */;
UNLOCK TABLES;

LOCK TABLES `purchase_requisition` WRITE;
/*!40000 ALTER TABLE `purchase_requisition` DISABLE KEYS */;
INSERT INTO `purchase_requisition` (`id`, `tenant_id`, `req_no`, `req_source`, `title`, `warehouse_id`, `expect_date`, `total_amount`, `priority`, `status`, `approval_level`, `approval_role`, `apply_user_id`, `apply_user_name`, `apply_time`, `audit_user_id`, `audit_time`, `audit_remark`, `remark`, `create_time`, `update_time`, `create_by`, `update_by`, `is_deleted`, `version`) VALUES (910000000000000601,2059984036520636418,'PR-202605-1001',1,'美国宠物烘干箱补货申请',910000000000000501,'2026-06-08',948000.00,1,4,1,'PURCHASE_MANAGER',2059984037695041538,'测试管理员','2026-05-26 09:10:00',2059984037695041538,'2026-05-26 10:00:00','为降低断货风险，审批通过','由低库存预警触发','2026-05-28 23:53:14','2026-05-29 09:28:54',2059984037695041538,2059984037695041538,0,0),(2060665335900094465,2059984036520636418,'REQ-20260530-0009',4,'BI智能补货建议-2026-05-30',1,'2026-06-13',0.00,2,2,0,'AUTO',2059984037695041538,'BI智能补货','2026-05-30 18:11:49',0,'2026-05-30 18:11:49','小额采购自动审批通过','由 FMS/BI 根据销售预测自动生成，采购专员可结合租户策略二次确认','2026-05-30 18:11:16','2026-05-30 18:11:49',2059984037695041538,2059984037695041538,0,0),(2060700681417342977,2059984036520636418,'REQ-20260530-0017',3,'Codex SRM PMS WMS FMS Chain 101',910000000000000501,'2026-06-05',37.50,2,2,0,'AUTO',2059984037695041538,'租户管理员','2026-05-30 20:31:43',0,'2026-05-30 20:31:43','小额采购自动审批通过','SRM-PMS-WMS-FMS chain audit','2026-05-30 20:31:43','2026-05-30 20:31:43',2059984037695041538,2059984037695041538,0,0);
/*!40000 ALTER TABLE `purchase_requisition` ENABLE KEYS */;
UNLOCK TABLES;

LOCK TABLES `purchase_requisition_item` WRITE;
/*!40000 ALTER TABLE `purchase_requisition_item` DISABLE KEYS */;
INSERT INTO `purchase_requisition_item` (`id`, `tenant_id`, `req_id`, `sku_id`, `sku_code`, `sku_name`, `quantity`, `current_stock`, `safety_stock`, `in_transit_qty`, `ref_price`, `expect_date`, `remark`) VALUES (910000000000000611,2059984036520636418,910000000000000601,910000000000000401,'SKU-US-AX901','AX9 宠物烘干箱 白色 110V',600,24,120,720,850.0000,'2026-06-08','维持 30 天库存覆盖'),(910000000000000612,2059984036520636418,910000000000000601,910000000000000402,'SKU-US-AX902','AX9 宠物烘干箱 灰色 110V',240,49,100,240,912.5000,'2026-06-08','低库存颜色款'),(2060665335958814722,2059984036520636418,2060665335900094465,910000000000000401,'SKU-US-AX901','SKU-US-AX901',31,0,0,0,0.0000,'2026-06-13','预测日销量：1.4'),(2060700681681584129,2059984036520636418,2060700681417342977,910000000000000403,'SKU-PKG-110','抗压快递纸箱 40x30x28cm',3,0,0,0,NULL,'2026-06-05',NULL);
/*!40000 ALTER TABLE `purchase_requisition_item` ENABLE KEYS */;
UNLOCK TABLES;

LOCK TABLES `purchase_return` WRITE;
/*!40000 ALTER TABLE `purchase_return` DISABLE KEYS */;
/*!40000 ALTER TABLE `purchase_return` ENABLE KEYS */;
UNLOCK TABLES;

LOCK TABLES `stocktake_item` WRITE;
/*!40000 ALTER TABLE `stocktake_item` DISABLE KEYS */;
INSERT INTO `stocktake_item` (`id`, `tenant_id`, `task_id`, `warehouse_id`, `location_id`, `location_code`, `sku_id`, `sku_code`, `sku_name`, `book_qty`, `actual_qty`, `diff_qty`, `diff_amount`, `diff_reason`, `is_adjusted`, `adjust_time`, `picker_id`, `pick_time`) VALUES (910000000000000911,2059984036520636418,910000000000000901,910000000000000503,910000000000000514,'E-03-02',910000000000000404,'SKU-EU-CAMP01','折叠式户外储能灯 欧规黑色',0,0,0,0.00,'账实一致',0,NULL,2059984037695041538,'2026-05-27 11:20:00'),(910000000000000912,2059984036520636418,910000000000000902,910000000000000501,910000000000000511,'A-02-06',910000000000000401,'SKU-US-AX901','AX9 宠物烘干箱 白色 110V',351,320,-31,26350.00,'销售出库回写延迟',0,NULL,2059984037695041538,'2026-05-26 16:30:00');
/*!40000 ALTER TABLE `stocktake_item` ENABLE KEYS */;
UNLOCK TABLES;

LOCK TABLES `stocktake_task` WRITE;
/*!40000 ALTER TABLE `stocktake_task` DISABLE KEYS */;
INSERT INTO `stocktake_task` (`id`, `tenant_id`, `task_no`, `task_type`, `warehouse_id`, `task_name`, `plan_date`, `start_time`, `end_time`, `status`, `total_sku_count`, `diff_sku_count`, `profit_qty`, `loss_qty`, `profit_amount`, `loss_amount`, `auditor_id`, `audit_time`, `remark`, `create_time`, `update_time`, `create_by`, `update_by`, `is_deleted`, `version`) VALUES (910000000000000901,2059984036520636418,'STK-202605-2099',1,910000000000000503,'汉堡仓月度循环盘点','2026-05-27','2026-05-27 08:00:00',NULL,1,12,2,14,7,301.00,150.50,NULL,NULL,'进行中，重点核对含电 SKU','2026-05-28 23:53:14','2026-05-29 09:28:54',2059984037695041538,2059984037695041538,0,0),(910000000000000902,2059984036520636418,'STK-202605-2104',2,910000000000000501,'洛杉矶仓动销 SKU 差异复核','2026-05-26','2026-05-26 10:30:00','2026-05-26 18:00:00',2,18,3,2,31,1700.00,26350.00,2059984037695041538,NULL,'等待仓储主管审核调整','2026-05-28 23:53:14','2026-05-29 09:28:54',2059984037695041538,2059984037695041538,0,0);
/*!40000 ALTER TABLE `stocktake_task` ENABLE KEYS */;
UNLOCK TABLES;

LOCK TABLES `supplier` WRITE;
/*!40000 ALTER TABLE `supplier` DISABLE KEYS */;
INSERT INTO `supplier` (`id`, `tenant_id`, `supplier_code`, `supplier_name`, `supplier_type`, `category_ids`, `province`, `city`, `address`, `website`, `company_size`, `founded_year`, `contact_name`, `contact_phone`, `contact_email`, `contact_wechat`, `contact_whatsapp`, `bank_name`, `bank_account`, `bank_account_name`, `tax_no`, `invoice_type`, `moq`, `lead_time_days`, `monthly_capacity`, `currency`, `payment_days`, `grade`, `score`, `last_score_month`, `status`, `audit_user_id`, `audit_time`, `audit_remark`, `portal_user_id`, `portal_enabled`, `remark`, `tags`, `create_time`, `update_time`, `create_by`, `update_by`, `is_deleted`, `version`) VALUES (910000000000000101,2059984036520636418,'SUP-202605-0001','深圳华景电子有限公司',1,'[910000000000000201]','广东省','深圳市','宝安区航城街道智造园 8 栋','https://huajing.example.com',3,2014,'陈敏','13800138001','chenmin@huajing.example.com','huajing-cm','+86 13800138001','CMB Shenzhen Baoan Branch','**** **** **** 8301','深圳华景电子有限公司','91440300MAHJ0001X',1,200,18,30000,'CNY',30,'S',94.50,'202605',2,2059984037695041538,'2026-05-20 10:00:00','资质完整，交付稳定',NULL,1,'核心电子类供应商','[\"core\", \"invoice\", \"sample\"]','2026-05-28 23:53:14','2026-05-29 09:28:54',2059984037695041538,2059984037695041538,0,0),(910000000000000102,2059984036520636418,'SUP-202605-0002','宁波远航包装厂',1,'[910000000000000202]','浙江省','宁波市','北仑区春晓工业园 12 号','https://yuanhang-pack.example.com',2,2018,'周航','13800138002','zhouhang@yuanhang.example.com','yh-pack','+86 13800138002','Bank of Ningbo Beilun Branch','**** **** **** 2088','宁波远航包装厂','91330206MAYH0002X',1,1000,10,200000,'CNY',15,'A',88.20,'202605',2,2059984037695041538,'2026-05-18 15:20:00','价格稳定，旺季需提前锁定产能',NULL,1,'包装耗材长期合作供应商','[\"packaging\", \"15-day terms\"]','2026-05-28 23:53:14','2026-05-29 09:28:54',2059984037695041538,2059984037695041538,0,0),(910000000000000103,2059984036520636418,'SUP-202605-0003','厦门森海户外用品有限公司',1,'[910000000000000203]','福建省','厦门市','集美区杏林湾商务运营中心','https://senhai-outdoor.example.com',2,2016,'林启','13800138003','linqi@senhai.example.com','senhai-lq','+86 13800138003','CIB Xiamen Branch','**** **** **** 7712','厦门森海户外用品有限公司','91350200MASH0003X',1,300,22,50000,'USD',45,'B',78.60,'202605',2,2059984037695041538,'2026-05-29 20:45:08','运营手动启用供应商',NULL,1,'户外用品供应商','[\"EU\", \"follow-up\"]','2026-05-28 23:53:14','2026-05-29 20:45:08',2059984037695041538,2059984037695041538,0,0),(930000000000200101,2059984036520636418,'SUP-CODEX-CHAIN-101','Codex Chain Supplier 101',1,'[1]','CA','Los Angeles','900 Flower Street',NULL,NULL,NULL,'Codex Supplier Contact','13800001001','codex-chain-supplier-101@example.com',NULL,NULL,'FlexChain Bank','6222000000000101','Codex Chain Supplier 101','TAX-CODEX-101',1,1,7,1000,'CNY',15,'C',0.00,NULL,2,2059984037695041538,'2026-05-30 20:31:42','链路审计：供应商审核通过',2060700674459037698,1,'chain audit supplier','[\"chain-audit\"]','2026-05-30 20:31:40','2026-05-30 20:31:42',920000000000000402,2059984037695041538,0,0);
/*!40000 ALTER TABLE `supplier` ENABLE KEYS */;
UNLOCK TABLES;

LOCK TABLES `supplier_audit_log` WRITE;
/*!40000 ALTER TABLE `supplier_audit_log` DISABLE KEYS */;
INSERT INTO `supplier_audit_log` (`id`, `tenant_id`, `supplier_id`, `from_status`, `to_status`, `action`, `audit_remark`, `operator_id`, `operator_name`, `operate_time`) VALUES (2060341639188664321,2059984036520636418,910000000000000103,2,4,'停用供应商','运营手动停用供应商',2059984037695041538,'系统操作人','2026-05-29 20:45:01'),(2060341669446373378,2059984036520636418,910000000000000103,4,2,'重新启用','运营手动启用供应商',2059984037695041538,'系统操作人','2026-05-29 20:45:08'),(2060700675503419394,2059984036520636418,930000000000200101,1,2,'审核通过','链路审计：供应商审核通过',2059984037695041538,'系统操作人','2026-05-30 20:31:42');
/*!40000 ALTER TABLE `supplier_audit_log` ENABLE KEYS */;
UNLOCK TABLES;

LOCK TABLES `supplier_cert` WRITE;
/*!40000 ALTER TABLE `supplier_cert` DISABLE KEYS */;
INSERT INTO `supplier_cert` (`id`, `tenant_id`, `supplier_id`, `cert_type`, `cert_name`, `file_name`, `file_url`, `file_size`, `file_type`, `issue_date`, `expire_date`, `is_expired`, `cert_no`, `remark`, `create_time`, `create_by`, `is_deleted`) VALUES (910000000000000121,2059984036520636418,910000000000000101,1,'Business License','huajing-business-license.pdf','oss://demo/supplier/huajing-license.pdf',1820342,'application/pdf','2024-01-10','2029-01-09',0,'BL-HJ-2024','Approved','2026-05-28 23:53:14',2059984037695041538,0),(910000000000000122,2059984036520636418,910000000000000101,3,'CE Certificate','pet-dryer-ce.pdf','oss://demo/supplier/pet-dryer-ce.pdf',920112,'application/pdf','2025-03-01','2027-03-01',0,'CE-PD-2025','Required for EU listing','2026-05-28 23:53:14',2059984037695041538,0),(910000000000000123,2059984036520636418,910000000000000102,2,'Carton BCT Test Report','carton-bct-report.pdf','oss://demo/supplier/carton-bct.pdf',618442,'application/pdf','2026-02-16','2026-08-16',0,'BCT-202602','Review within 90 days','2026-05-28 23:53:14',2059984037695041538,0),(910000000000000124,2059984036520636418,910000000000000103,3,'RoHS Certificate','camp-light-rohs.pdf','oss://demo/supplier/camp-rohs.pdf',805210,'application/pdf','2025-09-01','2026-06-25',0,'ROHS-SH-2025','Expiring soon warning','2026-05-28 23:53:14',2059984037695041538,0),(930000000000200102,2059984036520636418,930000000000200101,1,'营业执照','license.pdf','https://example.com/license.pdf',1024,'application/pdf','2026-05-30','2027-05-30',0,'LIC-CODEX-101','chain audit cert','2026-05-30 20:31:40',920000000000000402,0);
/*!40000 ALTER TABLE `supplier_cert` ENABLE KEYS */;
UNLOCK TABLES;

LOCK TABLES `supplier_contact` WRITE;
/*!40000 ALTER TABLE `supplier_contact` DISABLE KEYS */;
INSERT INTO `supplier_contact` (`id`, `tenant_id`, `supplier_id`, `contact_name`, `position`, `phone`, `email`, `wechat`, `whatsapp`, `department`, `is_primary`, `contact_type`, `remark`, `create_time`, `create_by`, `is_deleted`) VALUES (910000000000000111,2059984036520636418,910000000000000101,'陈敏','销售总监','13800138001','chenmin@huajing.example.com','huajing-cm','+86 13800138001','销售部',1,1,'主联系人','2026-05-28 23:53:14',2059984037695041538,0),(910000000000000112,2059984036520636418,910000000000000101,'Huang Jie','Finance Manager','13800138011','finance@huajing.example.com','huajing-fin','+86 13800138011','Finance',0,2,'Invoice and reconciliation','2026-05-28 23:53:14',2059984037695041538,0),(910000000000000113,2059984036520636418,910000000000000102,'周航','厂长','13800138002','zhouhang@yuanhang.example.com','yh-pack','+86 13800138002','业务部',1,1,'包装订单联系人','2026-05-28 23:53:14',2059984037695041538,0),(910000000000000114,2059984036520636418,910000000000000103,'林启','外贸经理','13800138003','linqi@senhai.example.com','senhai-lq','+86 13800138003','外贸部',1,1,'欧洲订单联系人','2026-05-28 23:53:14',2059984037695041538,0);
/*!40000 ALTER TABLE `supplier_contact` ENABLE KEYS */;
UNLOCK TABLES;

LOCK TABLES `supplier_purchase_arrival` WRITE;
/*!40000 ALTER TABLE `supplier_purchase_arrival` DISABLE KEYS */;
/*!40000 ALTER TABLE `supplier_purchase_arrival` ENABLE KEYS */;
UNLOCK TABLES;

LOCK TABLES `supplier_purchase_price` WRITE;
/*!40000 ALTER TABLE `supplier_purchase_price` DISABLE KEYS */;
/*!40000 ALTER TABLE `supplier_purchase_price` ENABLE KEYS */;
UNLOCK TABLES;

LOCK TABLES `supplier_quality_inspection` WRITE;
/*!40000 ALTER TABLE `supplier_quality_inspection` DISABLE KEYS */;
/*!40000 ALTER TABLE `supplier_quality_inspection` ENABLE KEYS */;
UNLOCK TABLES;

LOCK TABLES `supplier_quote_response` WRITE;
/*!40000 ALTER TABLE `supplier_quote_response` DISABLE KEYS */;
/*!40000 ALTER TABLE `supplier_quote_response` ENABLE KEYS */;
UNLOCK TABLES;

LOCK TABLES `supplier_risk_event` WRITE;
/*!40000 ALTER TABLE `supplier_risk_event` DISABLE KEYS */;
/*!40000 ALTER TABLE `supplier_risk_event` ENABLE KEYS */;
UNLOCK TABLES;

LOCK TABLES `supplier_score_log` WRITE;
/*!40000 ALTER TABLE `supplier_score_log` DISABLE KEYS */;
INSERT INTO `supplier_score_log` (`id`, `tenant_id`, `supplier_id`, `score_month`, `total_orders`, `delivered_on_time`, `quality_passed`, `quality_total`, `response_hours_avg`, `price_comparison`, `delivery_score`, `quality_score`, `response_score`, `price_score`, `total_score`, `grade`, `grade_changed`, `prev_grade`, `calc_remark`, `calc_time`) VALUES (910000000000000131,2059984036520636418,910000000000000101,'202605',12,12,18,18,1.80,0.9700,96.00,98.00,93.00,91.00,94.50,'S',0,'S','Stable top supplier','2026-05-28 08:00:00'),(910000000000000132,2059984036520636418,910000000000000102,'202605',9,8,11,12,3.50,0.9300,88.00,91.00,84.00,90.00,88.20,'A',0,'A','Good for packaging replenishment','2026-05-28 08:00:00'),(910000000000000133,2059984036520636418,910000000000000103,'202605',5,3,7,8,5.70,1.0600,72.00,82.00,76.00,85.00,78.60,'B',1,'A','Delivery and response need follow-up','2026-05-28 08:00:00');
/*!40000 ALTER TABLE `supplier_score_log` ENABLE KEYS */;
UNLOCK TABLES;

LOCK TABLES `supplier_tenant_config` WRITE;
/*!40000 ALTER TABLE `supplier_tenant_config` DISABLE KEYS */;
INSERT INTO `supplier_tenant_config` (`id`, `tenant_id`, `config_key`, `config_value`, `config_desc`, `enabled`, `create_time`, `update_time`, `create_by`, `update_by`, `is_deleted`, `version`) VALUES (2001,101,'supplier.layering.watchlist.grades','B,C','进入重点观察名单的供应商评级，系统建议值为B,C',1,'2026-05-28 18:25:27','2026-05-28 18:25:27',NULL,NULL,0,0),(2002,101,'supplier.multi.min_count','2','同一品类建议维护的最少可用供应商数量',1,'2026-05-28 18:25:27','2026-05-28 18:25:27',NULL,NULL,0,0),(2003,101,'supplier.multi.min_healthy_grade','B','同一品类供应商建议达到的最低健康评级',1,'2026-05-28 18:25:27','2026-05-28 18:25:27',NULL,NULL,0,0);
/*!40000 ALTER TABLE `supplier_tenant_config` ENABLE KEYS */;
UNLOCK TABLES;

LOCK TABLES `supplier_watchlist` WRITE;
/*!40000 ALTER TABLE `supplier_watchlist` DISABLE KEYS */;
/*!40000 ALTER TABLE `supplier_watchlist` ENABLE KEYS */;
UNLOCK TABLES;

LOCK TABLES `sys_audit_log` WRITE;
/*!40000 ALTER TABLE `sys_audit_log` DISABLE KEYS */;
INSERT INTO `sys_audit_log` (`id`, `tenant_id`, `user_id`, `username`, `module`, `action`, `method`, `request_params`, `response_code`, `ip_address`, `user_agent`, `duration_ms`, `status`, `error_msg`, `operate_time`) VALUES (2059984039083356162,0,0,'SYSTEM','SaaS租户','注册租户','POST /api/saas/tenants/register','{\"arg0\":{\"companyName\":\"FlexChain 本地测试租户\",\"contactName\":\"测试管理员\",\"contactPhone\":\"13800000000\",\"contactEmail\":\"admin@flexchain.local\",\"password\":\"Admin123456\",\"planType\":2}}',200,'127.0.0.1','Mozilla/5.0 (Windows NT; Windows NT 10.0; zh-CN) WindowsPowerShell/5.1.26100.8457',689,1,NULL,'2026-05-28 21:04:02'),(2059984144029036545,0,0,'SYSTEM','登录认证','用户登录','POST /api/auth/login','{\"arg0\":{\"username\":\"admin@flexchain.local\",\"password\":\"Admin123456\",\"tenantCode\":\"TC-20260528-7012\"},\"arg1\":\"[HttpServletRequest]\"}',NULL,'127.0.0.1','Mozilla/5.0 (Windows NT; Windows NT 10.0; zh-CN) WindowsPowerShell/5.1.26100.8457',130,0,'用户名或密码错误','2026-05-28 21:04:27'),(2059984251134783490,0,0,'SYSTEM','登录认证','用户登录','POST /api/auth/login','{\"arg0\":{\"username\":\"admin@flexchain.local\",\"password\":\"Admin123456\",\"tenantCode\":\"TC-20260528-7012\"},\"arg1\":\"[HttpServletRequest]\"}',NULL,'127.0.0.1','Mozilla/5.0 (Windows NT; Windows NT 10.0; zh-CN) WindowsPowerShell/5.1.26100.8457',26,0,'用户名或密码错误','2026-05-28 21:04:53'),(2059985120349663234,0,0,'SYSTEM','登录认证','用户登录','POST /api/auth/login','{\"arg0\":{\"username\":\"admin@flexchain.local\",\"password\":\"Admin123456\",\"tenantCode\":\"TC-20260528-7012\"},\"arg1\":\"[HttpServletRequest]\"}',NULL,'127.0.0.1','Mozilla/5.0 (Windows NT; Windows NT 10.0; zh-CN) WindowsPowerShell/5.1.26100.8457',955,0,'Could not read JSON:Cannot construct instance of `com.lyf.supplychain.common.security.model.LoginUser` (no Creators, like default constructor, exist): cannot deserialize from Object value (no delegate- or property-based Creator)\n at [Source: (byte[])\"{\"@class\":\"cn.dev33.satoken.dao.SaSessionForJacksonCustomized\",\"id\":\"Authorization:login:session:2059984037695041538\",\"type\":\"Account-Session\",\"loginType\":\"login\",\"loginId\":[\"java.lang.Long\",2059984037695041538],\"token\":null,\"createTime\":1779973699798,\"dataMap\"','2026-05-28 21:08:20'),(2059989692489138178,0,0,'SYSTEM','登录认证','用户登录','POST /api/auth/login','{\"arg0\":{\"username\":\"admin@flexchain.local\",\"password\":\"Admin123456\",\"tenantCode\":\"TC-20260528-7012\"},\"arg1\":\"[HttpServletRequest]\"}',200,'127.0.0.1','Mozilla/5.0 (Windows NT; Windows NT 10.0; zh-CN) WindowsPowerShell/5.1.26100.8457',1332,1,NULL,'2026-05-28 21:26:30'),(2059989939135184898,0,0,'SYSTEM','登录认证','用户登录','POST /api/auth/login','{\"arg0\":{\"username\":\"admin@flexchain.local\",\"password\":\"Admin123456\",\"tenantCode\":\"TC-20260528-7012\"},\"arg1\":\"[HttpServletRequest]\"}',200,'127.0.0.1','Mozilla/5.0 (Windows NT; Windows NT 10.0; zh-CN) WindowsPowerShell/5.1.26100.8457',140,1,NULL,'2026-05-28 21:27:29'),(2059990089412902914,0,0,'SYSTEM','登录认证','用户登录','POST /api/auth/login','{\"arg0\":{\"username\":\"admin@flexchain.local\",\"password\":\"Admin123456\",\"tenantCode\":\"TC-20260528-7012\"},\"arg1\":\"[HttpServletRequest]\"}',200,'127.0.0.1','Mozilla/5.0 (Windows NT; Windows NT 10.0; zh-CN) WindowsPowerShell/5.1.26100.8457',172,1,NULL,'2026-05-28 21:28:05'),(2059992173923270658,0,0,'SYSTEM','登录认证','用户登录','POST /api/auth/login','{\"arg0\":{\"username\":\"admin@flexchain.local\",\"password\":\"Admin123456\",\"tenantCode\":\"TC-20260528-7012\"},\"arg1\":\"[HttpServletRequest]\"}',200,'127.0.0.1','Mozilla/5.0 (Windows NT; Windows NT 10.0; zh-CN) WindowsPowerShell/5.1.26100.8457',172,1,NULL,'2026-05-28 21:36:22'),(2059992569492344833,0,0,'SYSTEM','登录认证','用户登录','POST /api/auth/login','{\"arg0\":{\"username\":\"admin@flexchain.local\",\"password\":\"Admin123456\",\"tenantCode\":\"TC-20260528-7012\"},\"arg1\":\"[HttpServletRequest]\"}',200,'127.0.0.1','Mozilla/5.0 (Windows NT; Windows NT 10.0; zh-CN) WindowsPowerShell/5.1.26100.8457',1363,1,NULL,'2026-05-28 21:37:56'),(2059992730843025410,0,0,'SYSTEM','登录认证','用户登录','POST /api/auth/login','{\"arg0\":{\"username\":\"admin@flexchain.local\",\"password\":\"Admin123456\",\"tenantCode\":\"TC-20260528-7012\"},\"arg1\":\"[HttpServletRequest]\"}',200,'127.0.0.1','Mozilla/5.0 (Windows NT; Windows NT 10.0; zh-CN) WindowsPowerShell/5.1.26100.8457',309,1,NULL,'2026-05-28 21:38:35'),(2059992815811235841,0,0,'SYSTEM','登录认证','用户登录','POST /api/auth/login','{\"arg0\":{\"username\":\"admin@flexchain.local\",\"password\":\"Admin123456\",\"tenantCode\":\"TC-20260528-7012\"},\"arg1\":\"[HttpServletRequest]\"}',200,'127.0.0.1','Mozilla/5.0 (Windows NT; Windows NT 10.0; zh-CN) WindowsPowerShell/5.1.26100.8457',200,1,NULL,'2026-05-28 21:38:55'),(2059992976952201218,0,0,'SYSTEM','登录认证','用户登录','POST /api/auth/login','{\"arg0\":{\"username\":\"admin@flexchain.local\",\"password\":\"Admin123456\",\"tenantCode\":\"TC-20260528-7012\"},\"arg1\":\"[HttpServletRequest]\"}',200,'127.0.0.1','Mozilla/5.0 (Windows NT; Windows NT 10.0; zh-CN) WindowsPowerShell/5.1.26100.8457',158,1,NULL,'2026-05-28 21:39:33'),(2059993296730132481,0,0,'SYSTEM','登录认证','用户登录','POST /api/auth/login','{\"arg0\":{\"username\":\"admin@flexchain.local\",\"password\":\"Admin123456\",\"tenantCode\":\"TC-20260528-7012\"},\"arg1\":\"[HttpServletRequest]\"}',200,'127.0.0.1','Mozilla/5.0 (Windows NT; Windows NT 10.0; zh-CN) WindowsPowerShell/5.1.26100.8457',117,1,NULL,'2026-05-28 21:40:49'),(2059994190632841218,0,0,'SYSTEM','登录认证','用户登录','POST /api/auth/login','{\"arg0\":{\"username\":\"admin@flexchain.local\",\"password\":\"Admin123456\",\"tenantCode\":\"TC-20260528-7012\"},\"arg1\":\"[HttpServletRequest]\"}',200,'127.0.0.1','Mozilla/5.0 (Windows NT; Windows NT 10.0; zh-CN) WindowsPowerShell/5.1.26100.8457',1261,1,NULL,'2026-05-28 21:44:22'),(2059994926087266306,0,0,'SYSTEM','登录认证','用户登录','POST /api/auth/login','{\"arg0\":{\"username\":\"admin@flexchain.local\",\"password\":\"Admin123456\",\"tenantCode\":\"TC-20260528-7012\"},\"arg1\":\"[HttpServletRequest]\"}',200,'127.0.0.1','Mozilla/5.0 (Windows NT; Windows NT 10.0; zh-CN) WindowsPowerShell/5.1.26100.8457',720,1,NULL,'2026-05-28 21:47:18'),(2059996591293063170,0,0,'SYSTEM','登录认证','用户登录','POST /api/auth/login','{\"arg0\":{\"username\":\"admin@flexchain.local\",\"password\":\"Admin123456\",\"tenantCode\":\"TC-20260528-7012\"},\"arg1\":\"[HttpServletRequest]\"}',200,'127.0.0.1','Mozilla/5.0 (Windows NT; Windows NT 10.0; zh-CN) WindowsPowerShell/5.1.26100.8457',158,1,NULL,'2026-05-28 21:53:55'),(2060000169877430274,0,0,'SYSTEM','登录认证','用户登录','POST /api/auth/login','{\"arg0\":{\"username\":\"admin@flexchain.local\",\"password\":\"Admin123456\",\"tenantCode\":\"TC-20260528-7012\"},\"arg1\":\"[HttpServletRequest]\"}',200,'127.0.0.1','Mozilla/5.0 (Windows NT; Windows NT 10.0; zh-CN) WindowsPowerShell/5.1.26100.8457',230,1,NULL,'2026-05-28 22:08:08'),(2060001953542955009,0,0,'SYSTEM','登录认证','用户登录','POST /api/auth/login','{\"arg0\":{\"username\":\"admin@flexchain.local\",\"password\":\"Admin123456\",\"tenantCode\":\"TC-20260528-7012\"},\"arg1\":\"[HttpServletRequest]\"}',200,'127.0.0.1','Mozilla/5.0 (Windows NT 10.0; Win64; x64) AppleWebKit/537.36 (KHTML, like Gecko) Codex/26.519.81530 Chrome/148.0.7778.97 Electron/42.1.0 Safari/537.36',180,1,NULL,'2026-05-28 22:15:13'),(2060002310226567170,0,0,'SYSTEM','登录认证','用户登录','POST /api/auth/login','{\"arg0\":{\"username\":\"admin@flexchain.local\",\"password\":\"Admin123456\",\"tenantCode\":\"TC-20260528-7012\"},\"arg1\":\"[HttpServletRequest]\"}',200,'127.0.0.1','Mozilla/5.0 (Windows NT; Windows NT 10.0; zh-CN) WindowsPowerShell/5.1.26100.8457',169,1,NULL,'2026-05-28 22:16:38'),(2060002428241698818,0,0,'SYSTEM','登录认证','用户登录','POST /api/auth/login','{\"arg0\":{\"username\":\"admin@flexchain.local\",\"password\":\"Admin123456\",\"tenantCode\":\"TC-20260528-7012\"},\"arg1\":\"[HttpServletRequest]\"}',200,'127.0.0.1','Mozilla/5.0 (Windows NT 10.0; Win64; x64) AppleWebKit/537.36 (KHTML, like Gecko) Chrome/147.0.0.0 Safari/537.36',172,1,NULL,'2026-05-28 22:17:07'),(2060003302372401153,2059984036520636418,2059984037695041538,'admin@flexchain.local','登录认证','用户退出','POST /api/auth/logout',NULL,200,'127.0.0.1','Mozilla/5.0 (Windows NT 10.0; Win64; x64) AppleWebKit/537.36 (KHTML, like Gecko) Chrome/147.0.0.0 Safari/537.36',4,1,NULL,'2026-05-28 22:20:35'),(2060003344172834817,0,0,'SYSTEM','登录认证','用户登录','POST /api/auth/login','{\"arg0\":{\"username\":\"admin@flexchain.local\",\"password\":\"Admin123456\",\"tenantCode\":\"TC-20260528-7012\"},\"arg1\":\"[HttpServletRequest]\"}',200,'127.0.0.1','Mozilla/5.0 (Windows NT 10.0; Win64; x64) AppleWebKit/537.36 (KHTML, like Gecko) Chrome/147.0.0.0 Safari/537.36',163,1,NULL,'2026-05-28 22:20:45'),(2060029846440501249,0,0,'SYSTEM','登录认证','用户登录','POST /api/auth/login','{\"arg0\":{\"username\":\"admin@flexchain.local\",\"password\":\"Admin123456\",\"tenantCode\":\"TC-20260528-7012\"},\"arg1\":\"[HttpServletRequest]\"}',200,'127.0.0.1','Mozilla/5.0 (Windows NT; Windows NT 10.0; zh-CN) WindowsPowerShell/5.1.26100.8457',333,1,NULL,'2026-05-29 00:06:04'),(2060029931924611074,0,0,'SYSTEM','登录认证','用户登录','POST /api/auth/login','{\"arg0\":{\"username\":\"admin@flexchain.local\",\"password\":\"Admin123456\",\"tenantCode\":\"TC-20260528-7012\"},\"arg1\":\"[HttpServletRequest]\"}',200,'127.0.0.1','Mozilla/5.0 (Windows NT; Windows NT 10.0; zh-CN) WindowsPowerShell/5.1.26100.8457',204,1,NULL,'2026-05-29 00:06:24'),(2060029931979137026,0,0,'SYSTEM','登录认证','用户登录','POST /api/auth/login','{\"arg0\":{\"username\":\"admin@flexchain.local\",\"password\":\"Admin123456\",\"tenantCode\":\"TC-20260528-7012\"},\"arg1\":\"[HttpServletRequest]\"}',200,'127.0.0.1','Mozilla/5.0 (Windows NT; Windows NT 10.0; zh-CN) WindowsPowerShell/5.1.26100.8457',206,1,NULL,'2026-05-29 00:06:24'),(2060030319432163329,2059984036520636418,2059984037695041538,'admin@flexchain.local','登录认证','用户登录','POST /api/auth/login','{\"arg0\":{\"username\":\"admin@flexchain.local\",\"password\":\"Admin123456\",\"tenantCode\":\"TC-20260528-7012\"},\"arg1\":\"[HttpServletRequest]\"}',200,'127.0.0.1','Mozilla/5.0 (Windows NT 10.0; Win64; x64) AppleWebKit/537.36 (KHTML, like Gecko) Codex/26.519.81530 Chrome/148.0.7778.97 Electron/42.1.0 Safari/537.36',180,1,NULL,'2026-05-29 00:07:56'),(2060034201176629249,0,0,'SYSTEM','登录认证','用户登录','POST /api/auth/login','{\"arg0\":{\"username\":\"admin@flexchain.local\",\"password\":\"Admin123456\",\"tenantCode\":\"TC-20260528-7012\"},\"arg1\":\"[HttpServletRequest]\"}',200,'127.0.0.1','Mozilla/5.0 (Windows NT; Windows NT 10.0; zh-CN) WindowsPowerShell/5.1.26100.8457',166,1,NULL,'2026-05-29 00:23:22'),(2060166416904507393,0,0,'SYSTEM','登录认证','用户登录','POST /api/auth/login','{\"arg0\":{\"username\":\"admin@flexchain.local\",\"password\":\"Admin123456\",\"tenantCode\":\"TC-20260528-7012\"},\"arg1\":\"[HttpServletRequest]\"}',200,'127.0.0.1','Mozilla/5.0 (Windows NT; Windows NT 10.0; zh-CN) WindowsPowerShell/5.1.26100.8457',1388,1,NULL,'2026-05-29 09:08:44'),(2060166500559900674,0,0,'SYSTEM','登录认证','用户登录','POST /api/auth/login','{\"arg0\":{\"username\":\"admin@flexchain.local\",\"password\":\"Admin123456\",\"tenantCode\":\"TC-20260528-7012\"},\"arg1\":\"[HttpServletRequest]\"}',200,'127.0.0.1','Mozilla/5.0 (Windows NT; Windows NT 10.0; zh-CN) WindowsPowerShell/5.1.26100.8457',177,1,NULL,'2026-05-29 09:09:04'),(2060166625692766210,0,0,'SYSTEM','登录认证','用户登录','POST /api/auth/login','{\"arg0\":{\"username\":\"admin@flexchain.local\",\"password\":\"Admin123456\",\"tenantCode\":\"TC-20260528-7012\"},\"arg1\":\"[HttpServletRequest]\"}',200,'127.0.0.1','Mozilla/5.0 (Windows NT 10.0; Win64; x64) AppleWebKit/537.36 (KHTML, like Gecko) Codex/26.519.81530 Chrome/148.0.7778.97 Electron/42.1.0 Safari/537.36',337,1,NULL,'2026-05-29 09:09:34'),(2060167137343328257,0,0,'SYSTEM','登录认证','用户退出','POST /api/auth/logout',NULL,200,'127.0.0.1','Mozilla/5.0 (Windows NT 10.0; Win64; x64) AppleWebKit/537.36 (KHTML, like Gecko) Chrome/147.0.0.0 Safari/537.36',18,1,NULL,'2026-05-29 09:11:36'),(2060167143714476034,0,0,'SYSTEM','登录认证','用户登录','POST /api/auth/login','{\"arg0\":{\"username\":\"admin@flexchain.local\",\"password\":\"Admin123456\",\"tenantCode\":\"TC-20260528-7012\"},\"arg1\":\"[HttpServletRequest]\"}',200,'127.0.0.1','Mozilla/5.0 (Windows NT 10.0; Win64; x64) AppleWebKit/537.36 (KHTML, like Gecko) Chrome/147.0.0.0 Safari/537.36',172,1,NULL,'2026-05-29 09:11:38'),(2060169337142530049,0,0,'SYSTEM','登录认证','用户登录','POST /api/auth/login','{\"arg0\":{\"username\":\"admin@flexchain.local\",\"password\":\"Admin123456\",\"tenantCode\":\"TC-20260528-7012\"},\"arg1\":\"[HttpServletRequest]\"}',200,'127.0.0.1','Mozilla/5.0 (Windows NT; Windows NT 10.0; zh-CN) WindowsPowerShell/5.1.26100.8457',212,1,NULL,'2026-05-29 09:20:21'),(2060171537696706562,0,0,'SYSTEM','登录认证','用户登录','POST /api/auth/login','{\"arg0\":{\"username\":\"admin@flexchain.local\",\"password\":\"Admin123456\",\"tenantCode\":\"TC-20260528-7012\"},\"arg1\":\"[HttpServletRequest]\"}',200,'127.0.0.1','Mozilla/5.0 (Windows NT; Windows NT 10.0; zh-CN) WindowsPowerShell/5.1.26100.8457',178,1,NULL,'2026-05-29 09:29:05'),(2060172097271386113,0,0,'SYSTEM','登录认证','用户登录','POST /api/auth/login','{\"arg0\":{\"username\":\"admin@flexchain.local\",\"password\":\"Admin123456\",\"tenantCode\":\"TC-20260528-7012\"},\"arg1\":\"[HttpServletRequest]\"}',200,'127.0.0.1','Mozilla/5.0 (Windows NT; Windows NT 10.0; zh-CN) WindowsPowerShell/5.1.26100.8457',193,1,NULL,'2026-05-29 09:31:19'),(2060176265239351298,0,0,'SYSTEM','登录认证','用户登录','POST /api/auth/login','{\"arg0\":{\"username\":\"admin@flexchain.local\",\"password\":\"Admin123456\",\"tenantCode\":\"TC-20260528-7012\"},\"arg1\":\"[HttpServletRequest]\"}',200,'127.0.0.1','Mozilla/5.0 (Windows NT; Windows NT 10.0; zh-CN) WindowsPowerShell/5.1.26100.8457',359,1,NULL,'2026-05-29 09:47:52'),(2060202388375490562,0,0,'SYSTEM','登录认证','用户登录','POST /api/auth/login','{\"arg0\":{\"username\":\"admin@flexchain.local\",\"password\":\"Admin123456\",\"tenantCode\":\"TC-20260528-7012\"},\"arg1\":\"[HttpServletRequest]\"}',200,'127.0.0.1','Mozilla/5.0 (Windows NT; Windows NT 10.0; zh-CN) WindowsPowerShell/5.1.26100.8457',338,1,NULL,'2026-05-29 11:31:41'),(2060202502506696706,0,0,'SYSTEM','登录认证','用户登录','POST /api/auth/login','{\"arg0\":{\"username\":\"admin@flexchain.local\",\"password\":\"Admin123456\",\"tenantCode\":\"TC-20260528-7012\"},\"arg1\":\"[HttpServletRequest]\"}',200,'127.0.0.1','Mozilla/5.0 (Windows NT; Windows NT 10.0; zh-CN) WindowsPowerShell/5.1.26100.8457',99,1,NULL,'2026-05-29 11:32:08'),(2060202857269317634,0,0,'SYSTEM','登录认证','用户登录','POST /api/auth/login','{\"arg0\":{\"username\":\"admin@flexchain.local\",\"password\":\"Admin123456\",\"tenantCode\":\"TC-20260528-7012\"},\"arg1\":\"[HttpServletRequest]\"}',200,'127.0.0.1','Mozilla/5.0 (Windows NT 10.0; Win64; x64) AppleWebKit/537.36 (KHTML, like Gecko) Codex/26.519.81530 Chrome/148.0.7778.97 Electron/42.1.0 Safari/537.36',210,1,NULL,'2026-05-29 11:33:33'),(2060203148098162690,0,0,'SYSTEM','登录认证','用户登录','POST /api/auth/login','{\"arg0\":{\"username\":\"admin@flexchain.local\",\"password\":\"Admin123456\",\"tenantCode\":\"TC-20260528-7012\"},\"arg1\":\"[HttpServletRequest]\"}',200,'127.0.0.1','Mozilla/5.0 (Windows NT; Windows NT 10.0; zh-CN) WindowsPowerShell/5.1.26100.8457',136,1,NULL,'2026-05-29 11:34:42'),(2060204188256194561,0,0,'SYSTEM','登录认证','用户登录','POST /api/auth/login','{\"arg0\":{\"username\":\"admin@flexchain.local\",\"password\":\"Admin123456\",\"tenantCode\":\"TC-20260528-7012\"},\"arg1\":\"[HttpServletRequest]\"}',200,'127.0.0.1','Mozilla/5.0 (Windows NT; Windows NT 10.0; zh-CN) WindowsPowerShell/5.1.26100.8457',170,1,NULL,'2026-05-29 11:38:50'),(2060207936781176833,0,0,'SYSTEM','登录认证','用户登录','POST /api/auth/login','{\"arg0\":{\"username\":\"admin@flexchain.local\",\"password\":\"Admin123456\",\"tenantCode\":\"TC-20260528-7012\"},\"arg1\":\"[HttpServletRequest]\"}',200,'127.0.0.1','Mozilla/5.0 (Windows NT; Windows NT 10.0; zh-CN) WindowsPowerShell/5.1.26100.8457',346,1,NULL,'2026-05-29 11:53:44'),(2060209530264375298,0,0,'SYSTEM','登录认证','用户登录','POST /api/auth/login','{\"arg0\":{\"username\":\"admin@flexchain.local\",\"password\":\"Admin123456\",\"tenantCode\":\"TC-20260528-7012\"},\"arg1\":\"[HttpServletRequest]\"}',200,'127.0.0.1','Mozilla/5.0 (Windows NT; Windows NT 10.0; zh-CN) WindowsPowerShell/5.1.26100.8457',217,1,NULL,'2026-05-29 12:00:03'),(2060209602028916738,0,0,'SYSTEM','登录认证','用户登录','POST /api/auth/login','{\"arg0\":{\"username\":\"admin@flexchain.local\",\"password\":\"Admin123456\",\"tenantCode\":\"TC-20260528-7012\"},\"arg1\":\"[HttpServletRequest]\"}',200,'127.0.0.1','Mozilla/5.0 (Windows NT; Windows NT 10.0; zh-CN) WindowsPowerShell/5.1.26100.8457',213,1,NULL,'2026-05-29 12:00:21'),(2060209655162359810,0,0,'SYSTEM','登录认证','用户登录','POST /api/auth/login','{\"arg0\":{\"username\":\"admin@flexchain.local\",\"password\":\"Admin123456\",\"tenantCode\":\"TC-20260528-7012\"},\"arg1\":\"[HttpServletRequest]\"}',200,'127.0.0.1','Mozilla/5.0 (Windows NT; Windows NT 10.0; zh-CN) WindowsPowerShell/5.1.26100.8457',181,1,NULL,'2026-05-29 12:00:33'),(2060209702629298178,0,0,'SYSTEM','登录认证','用户登录','POST /api/auth/login','{\"arg0\":{\"username\":\"admin@flexchain.local\",\"password\":\"Admin123456\",\"tenantCode\":\"TC-20260528-7012\"},\"arg1\":\"[HttpServletRequest]\"}',200,'127.0.0.1','Mozilla/5.0 (Windows NT; Windows NT 10.0; zh-CN) WindowsPowerShell/5.1.26100.8457',151,1,NULL,'2026-05-29 12:00:45'),(2060210700752015362,0,0,'SYSTEM','登录认证','用户登录','POST /api/auth/login','{\"arg0\":{\"username\":\"admin@flexchain.local\",\"password\":\"Admin123456\",\"tenantCode\":\"TC-20260528-7012\"},\"arg1\":\"[HttpServletRequest]\"}',200,'127.0.0.1','Mozilla/5.0 (Windows NT 10.0; Win64; x64) AppleWebKit/537.36 (KHTML, like Gecko) Codex/26.519.81530 Chrome/148.0.7778.97 Electron/42.1.0 Safari/537.36',225,1,NULL,'2026-05-29 12:04:43'),(2060273814809890818,0,0,'SYSTEM','登录认证','用户登录','POST /api/auth/login','{\"arg0\":{\"username\":\"admin@flexchain.local\",\"password\":\"Admin123456\",\"tenantCode\":\"TC-20260528-7012\"},\"arg1\":\"[HttpServletRequest]\"}',200,'127.0.0.1','Mozilla/5.0 (Windows NT 10.0; Win64; x64) AppleWebKit/537.36 (KHTML, like Gecko) Codex/26.519.81530 Chrome/148.0.7778.97 Electron/42.1.0 Safari/537.36',469,1,NULL,'2026-05-29 16:15:30'),(2060298785607143425,0,0,'SYSTEM','登录认证','用户登录','POST /api/auth/login','{\"arg0\":{\"username\":\"admin@flexchain.local\",\"password\":\"Admin123456\",\"tenantCode\":\"TC-20260528-7012\"},\"arg1\":\"[HttpServletRequest]\"}',200,'127.0.0.1','Mozilla/5.0 (Windows NT; Windows NT 10.0; zh-CN) WindowsPowerShell/5.1.26100.8457',344,1,NULL,'2026-05-29 17:54:44'),(2060298870466301953,0,0,'SYSTEM','登录认证','用户登录','POST /api/auth/login','{\"arg0\":{\"username\":\"admin@flexchain.local\",\"password\":\"Admin123456\",\"tenantCode\":\"TC-20260528-7012\"},\"arg1\":\"[HttpServletRequest]\"}',200,'127.0.0.1','Mozilla/5.0 (Windows NT; Windows NT 10.0; zh-CN) WindowsPowerShell/5.1.26100.8457',151,1,NULL,'2026-05-29 17:55:04'),(2060299124808896513,0,0,'SYSTEM','登录认证','用户登录','POST /api/auth/login','{\"arg0\":{\"username\":\"admin@flexchain.local\",\"password\":\"Admin123456\",\"tenantCode\":\"TC-20260528-7012\"},\"arg1\":\"[HttpServletRequest]\"}',200,'127.0.0.1','Mozilla/5.0 (Windows NT; Windows NT 10.0; zh-CN) WindowsPowerShell/5.1.26100.8457',154,1,NULL,'2026-05-29 17:56:05'),(2060299814948065281,0,0,'SYSTEM','登录认证','用户登录','POST /api/auth/login','{\"arg0\":{\"username\":\"admin@flexchain.local\",\"password\":\"Admin123456\",\"tenantCode\":\"TC-20260528-7012\"},\"arg1\":\"[HttpServletRequest]\"}',200,'127.0.0.1','Mozilla/5.0 (Windows NT; Windows NT 10.0; zh-CN) WindowsPowerShell/5.1.26100.8457',175,1,NULL,'2026-05-29 17:58:49'),(2060300425449984001,0,0,'SYSTEM','登录认证','用户登录','POST /api/auth/login','{\"arg0\":{\"username\":\"admin@flexchain.local\",\"password\":\"Admin123456\",\"tenantCode\":\"TC-20260528-7012\"},\"arg1\":\"[HttpServletRequest]\"}',200,'127.0.0.1','Mozilla/5.0 (Windows NT; Windows NT 10.0; zh-CN) WindowsPowerShell/5.1.26100.8457',153,1,NULL,'2026-05-29 18:01:15'),(2060300488976912385,0,0,'SYSTEM','登录认证','用户登录','POST /api/auth/login','{\"arg0\":{\"username\":\"admin@flexchain.local\",\"password\":\"Admin123456\",\"tenantCode\":\"TC-20260528-7012\"},\"arg1\":\"[HttpServletRequest]\"}',200,'127.0.0.1','Mozilla/5.0 (Windows NT; Windows NT 10.0; zh-CN) WindowsPowerShell/5.1.26100.8457',149,1,NULL,'2026-05-29 18:01:30'),(2060308394384314369,0,0,'SYSTEM','登录认证','用户登录','POST /api/auth/login','{\"arg0\":{\"username\":\"admin@flexchain.local\",\"password\":\"Admin123456\",\"tenantCode\":\"TC-20260528-7012\"},\"arg1\":\"[HttpServletRequest]\"}',200,'127.0.0.1','Mozilla/5.0 (Windows NT 10.0; Win64; x64) AppleWebKit/537.36 (KHTML, like Gecko) Codex/26.519.81530 Chrome/148.0.7778.97 Electron/42.1.0 Safari/537.36',262,1,NULL,'2026-05-29 18:32:55'),(2060321276320829442,2059984036520636418,2059984037695041538,'admin@flexchain.local','登录认证','用户登录','POST /api/auth/login','{\"arg0\":{\"username\":\"admin@flexchain.local\",\"password\":\"Admin123456\",\"tenantCode\":\"TC-20260528-7012\"},\"arg1\":\"[HttpServletRequest]\"}',200,'127.0.0.1','Mozilla/5.0 (Windows NT 10.0; Win64; x64) AppleWebKit/537.36 (KHTML, like Gecko) Codex/26.519.81530 Chrome/148.0.7778.97 Electron/42.1.0 Safari/537.36',184,1,NULL,'2026-05-29 19:24:06'),(2060323708727742466,0,0,'SYSTEM','登录认证','用户登录','POST /api/auth/login','{\"arg0\":{\"username\":\"admin@flexchain.local\",\"password\":\"Admin123456\",\"tenantCode\":\"TC-20260528-7012\"},\"arg1\":\"[HttpServletRequest]\"}',200,'127.0.0.1','Mozilla/5.0 (Windows NT; Windows NT 10.0; zh-CN) WindowsPowerShell/5.1.26100.8457',381,1,NULL,'2026-05-29 19:33:46'),(2060323768400105473,0,0,'SYSTEM','登录认证','用户登录','POST /api/auth/login','{\"arg0\":{\"username\":\"admin@flexchain.local\",\"password\":\"Admin123456\",\"tenantCode\":\"TC-20260528-7012\"},\"arg1\":\"[HttpServletRequest]\"}',200,'127.0.0.1','Mozilla/5.0 (Windows NT; Windows NT 10.0; zh-CN) WindowsPowerShell/5.1.26100.8457',168,1,NULL,'2026-05-29 19:34:00'),(2060323853485756417,0,0,'SYSTEM','登录认证','用户登录','POST /api/auth/login','{\"arg0\":{\"username\":\"admin@flexchain.local\",\"password\":\"Admin123456\",\"tenantCode\":\"TC-20260528-7012\"},\"arg1\":\"[HttpServletRequest]\"}',200,'127.0.0.1','Mozilla/5.0 (Windows NT; Windows NT 10.0; zh-CN) WindowsPowerShell/5.1.26100.8457',325,1,NULL,'2026-05-29 19:34:20'),(2060324174278709250,0,0,'SYSTEM','登录认证','用户登录','POST /api/auth/login','{\"arg0\":{\"username\":\"admin@flexchain.local\",\"password\":\"Admin123456\",\"tenantCode\":\"TC-20260528-7012\"},\"arg1\":\"[HttpServletRequest]\"}',200,'127.0.0.1','Mozilla/5.0 (Windows NT; Windows NT 10.0; zh-CN) WindowsPowerShell/5.1.26100.8457',147,1,NULL,'2026-05-29 19:35:37'),(2060326008754032642,0,0,'SYSTEM','登录认证','用户登录','POST /api/auth/login','{\"arg0\":{\"username\":\"admin@flexchain.local\",\"password\":\"Admin123456\",\"tenantCode\":\"TC-20260528-7012\"},\"arg1\":\"[HttpServletRequest]\"}',200,'127.0.0.1','Mozilla/5.0 (Windows NT; Windows NT 10.0; zh-CN) WindowsPowerShell/5.1.26100.8457',214,1,NULL,'2026-05-29 19:42:54'),(2060326549982826498,0,0,'SYSTEM','登录认证','用户登录','POST /api/auth/login','{\"arg0\":{\"username\":\"admin@flexchain.local\",\"password\":\"Admin123456\",\"tenantCode\":\"TC-20260528-7012\"},\"arg1\":\"[HttpServletRequest]\"}',200,'127.0.0.1','Mozilla/5.0 (Windows NT; Windows NT 10.0; zh-CN) WindowsPowerShell/5.1.26100.8457',117,1,NULL,'2026-05-29 19:45:03'),(2060327544683098114,0,0,'SYSTEM','登录认证','用户登录','POST /api/auth/login','{\"arg0\":{\"username\":\"admin@flexchain.local\",\"password\":\"Admin123456\",\"tenantCode\":\"TC-20260528-7012\"},\"arg1\":\"[HttpServletRequest]\"}',200,'127.0.0.1','Mozilla/5.0 (Windows NT; Windows NT 10.0; zh-CN) WindowsPowerShell/5.1.26100.8457',594,1,NULL,'2026-05-29 19:49:00'),(2060327915686064129,0,0,'SYSTEM','登录认证','用户登录','POST /api/auth/login','{\"arg0\":{\"username\":\"admin@flexchain.local\",\"password\":\"Admin123456\",\"tenantCode\":\"TC-20260528-7012\"},\"arg1\":\"[HttpServletRequest]\"}',200,'127.0.0.1','Mozilla/5.0 (Windows NT; Windows NT 10.0; zh-CN) WindowsPowerShell/5.1.26100.8457',130,1,NULL,'2026-05-29 19:50:29'),(2060327972447580162,0,0,'SYSTEM','登录认证','用户登录','POST /api/auth/login','{\"arg0\":{\"username\":\"admin@flexchain.local\",\"password\":\"Admin123456\",\"tenantCode\":\"TC-20260528-7012\"},\"arg1\":\"[HttpServletRequest]\"}',200,'127.0.0.1','Mozilla/5.0 (Windows NT; Windows NT 10.0; zh-CN) WindowsPowerShell/5.1.26100.8457',143,1,NULL,'2026-05-29 19:50:42'),(2060328024712802306,0,0,'SYSTEM','登录认证','用户登录','POST /api/auth/login','{\"arg0\":{\"username\":\"admin@flexchain.local\",\"password\":\"Admin123456\",\"tenantCode\":\"TC-20260528-7012\"},\"arg1\":\"[HttpServletRequest]\"}',200,'127.0.0.1','Mozilla/5.0 (Windows NT; Windows NT 10.0; zh-CN) WindowsPowerShell/5.1.26100.8457',114,1,NULL,'2026-05-29 19:50:55'),(2060328255445659649,0,0,'SYSTEM','登录认证','用户登录','POST /api/auth/login','{\"arg0\":{\"username\":\"admin@flexchain.local\",\"password\":\"Admin123456\",\"tenantCode\":\"TC-20260528-7012\"},\"arg1\":\"[HttpServletRequest]\"}',200,'127.0.0.1','Mozilla/5.0 (Windows NT; Windows NT 10.0; zh-CN) WindowsPowerShell/5.1.26100.8457',113,1,NULL,'2026-05-29 19:51:50'),(2060328776415965185,0,0,'SYSTEM','登录认证','用户登录','POST /api/auth/login','{\"arg0\":{\"username\":\"admin@flexchain.local\",\"password\":\"Admin123456\",\"tenantCode\":\"TC-20260528-7012\"},\"arg1\":\"[HttpServletRequest]\"}',200,'127.0.0.1','Mozilla/5.0 (Windows NT; Windows NT 10.0; zh-CN) WindowsPowerShell/5.1.26100.8457',121,1,NULL,'2026-05-29 19:53:54'),(2060329032960569345,0,0,'SYSTEM','登录认证','用户登录','POST /api/auth/login','{\"arg0\":{\"username\":\"admin@flexchain.local\",\"password\":\"Admin123456\",\"tenantCode\":\"TC-20260528-7012\"},\"arg1\":\"[HttpServletRequest]\"}',200,'127.0.0.1','Mozilla/5.0 (Windows NT; Windows NT 10.0; zh-CN) WindowsPowerShell/5.1.26100.8457',200,1,NULL,'2026-05-29 19:54:55'),(2060329097460576258,0,0,'SYSTEM','登录认证','用户登录','POST /api/auth/login','{\"arg0\":{\"username\":\"admin@flexchain.local\",\"password\":\"Admin123456\",\"tenantCode\":\"TC-20260528-7012\"},\"arg1\":\"[HttpServletRequest]\"}',200,'127.0.0.1','Mozilla/5.0 (Windows NT; Windows NT 10.0; zh-CN) WindowsPowerShell/5.1.26100.8457',151,1,NULL,'2026-05-29 19:55:11'),(2060329261587886081,0,0,'SYSTEM','登录认证','用户登录','POST /api/auth/login','{\"arg0\":{\"username\":\"admin@flexchain.local\",\"password\":\"Admin123456\",\"tenantCode\":\"TC-20260528-7012\"},\"arg1\":\"[HttpServletRequest]\"}',200,'127.0.0.1','Mozilla/5.0 (Windows NT; Windows NT 10.0; zh-CN) WindowsPowerShell/5.1.26100.8457',158,1,NULL,'2026-05-29 19:55:50'),(2060329434632286210,0,0,'SYSTEM','登录认证','用户登录','POST /api/auth/login','{\"arg0\":{\"username\":\"admin@flexchain.local\",\"password\":\"Admin123456\",\"tenantCode\":\"TC-20260528-7012\"},\"arg1\":\"[HttpServletRequest]\"}',200,'127.0.0.1','Mozilla/5.0 (Windows NT; Windows NT 10.0; zh-CN) WindowsPowerShell/5.1.26100.8457',156,1,NULL,'2026-05-29 19:56:31'),(2060329585883082754,0,0,'SYSTEM','登录认证','用户登录','POST /api/auth/login','{\"arg0\":{\"username\":\"admin@flexchain.local\",\"password\":\"Admin123456\",\"tenantCode\":\"TC-20260528-7012\"},\"arg1\":\"[HttpServletRequest]\"}',200,'127.0.0.1','Mozilla/5.0 (Windows NT; Windows NT 10.0; zh-CN) WindowsPowerShell/5.1.26100.8457',152,1,NULL,'2026-05-29 19:57:07'),(2060330363699982338,0,0,'SYSTEM','登录认证','用户登录','POST /api/auth/login','{\"arg0\":{\"username\":\"admin@flexchain.local\",\"password\":\"Admin123456\",\"tenantCode\":\"TC-20260528-7012\"},\"arg1\":\"[HttpServletRequest]\"}',200,'127.0.0.1','Mozilla/5.0 (Windows NT 10.0; Win64; x64) AppleWebKit/537.36 (KHTML, like Gecko) Codex/26.519.81530 Chrome/148.0.7778.97 Electron/42.1.0 Safari/537.36',155,1,NULL,'2026-05-29 20:00:12'),(2060331575618957313,0,0,'SYSTEM','登录认证','用户登录','POST /api/auth/login','{\"arg0\":{\"username\":\"admin@flexchain.local\",\"password\":\"Admin123456\",\"tenantCode\":\"TC-20260528-7012\"},\"arg1\":\"[HttpServletRequest]\"}',200,'127.0.0.1','Mozilla/5.0 (Windows NT; Windows NT 10.0; zh-CN) WindowsPowerShell/5.1.26100.8457',182,1,NULL,'2026-05-29 20:05:01'),(2060331677381160961,0,0,'SYSTEM','登录认证','用户登录','POST /api/auth/login','{\"arg0\":{\"username\":\"admin@flexchain.local\",\"password\":\"Admin123456\",\"tenantCode\":\"TC-20260528-7012\"},\"arg1\":\"[HttpServletRequest]\"}',200,'127.0.0.1','Mozilla/5.0 (Windows NT; Windows NT 10.0; zh-CN) WindowsPowerShell/5.1.26100.8457',149,1,NULL,'2026-05-29 20:05:26'),(2060333623471108098,0,0,'SYSTEM','登录认证','用户登录','POST /api/auth/login','{\"arg0\":{\"username\":\"admin@flexchain.local\",\"password\":\"Admin123456\",\"tenantCode\":\"TC-20260528-7012\"},\"arg1\":\"[HttpServletRequest]\"}',200,'127.0.0.1','Mozilla/5.0 (Windows NT; Windows NT 10.0; zh-CN) WindowsPowerShell/5.1.26100.8457',201,1,NULL,'2026-05-29 20:13:10'),(2060335372856586241,0,0,'SYSTEM','登录认证','用户登录','POST /api/auth/login','{\"arg0\":{\"username\":\"admin@flexchain.local\",\"password\":\"Admin123456\",\"tenantCode\":\"TC-20260528-7012\"},\"arg1\":\"[HttpServletRequest]\"}',200,'127.0.0.1','Mozilla/5.0 (Windows NT; Windows NT 10.0; zh-CN) WindowsPowerShell/5.1.26100.8457',211,1,NULL,'2026-05-29 20:20:07'),(2060336056049987585,0,0,'SYSTEM','登录认证','用户登录','POST /api/auth/login','{\"arg0\":{\"username\":\"admin@flexchain.local\",\"password\":\"Admin123456\",\"tenantCode\":\"TC-20260528-7012\"},\"arg1\":\"[HttpServletRequest]\"}',200,'127.0.0.1','Mozilla/5.0 (Windows NT; Windows NT 10.0; zh-CN) WindowsPowerShell/5.1.26100.8457',167,1,NULL,'2026-05-29 20:22:50'),(2060336433487015937,0,0,'SYSTEM','登录认证','用户登录','POST /api/auth/login','{\"arg0\":{\"username\":\"admin@flexchain.local\",\"password\":\"Admin123456\",\"tenantCode\":\"TC-20260528-7012\"},\"arg1\":\"[HttpServletRequest]\"}',200,'127.0.0.1','Mozilla/5.0 (Windows NT 10.0; Win64; x64) AppleWebKit/537.36 (KHTML, like Gecko) Codex/26.519.81530 Chrome/148.0.7778.97 Electron/42.1.0 Safari/537.36',156,1,NULL,'2026-05-29 20:24:20'),(2060336538063597569,2059984036520636418,2059984037695041538,'admin@flexchain.local','登录认证','用户登录','POST /api/auth/login','{\"arg0\":{\"username\":\"admin@flexchain.local\",\"password\":\"Admin123456\",\"tenantCode\":\"TC-20260528-7012\"},\"arg1\":\"[HttpServletRequest]\"}',200,'127.0.0.1','Mozilla/5.0 (Windows NT 10.0; Win64; x64) AppleWebKit/537.36 (KHTML, like Gecko) Codex/26.519.81530 Chrome/148.0.7778.97 Electron/42.1.0 Safari/537.36',151,1,NULL,'2026-05-29 20:24:45'),(2060336951135432705,0,0,'SYSTEM','登录认证','用户登录','POST /api/auth/login','{\"arg0\":{\"username\":\"admin@flexchain.local\",\"password\":\"Admin123456\",\"tenantCode\":\"TC-20260528-7012\"},\"arg1\":\"[HttpServletRequest]\"}',200,'127.0.0.1','Mozilla/5.0 (Windows NT; Windows NT 10.0; zh-CN) WindowsPowerShell/5.1.26100.8457',158,1,NULL,'2026-05-29 20:26:23'),(2060338073715732481,2059984036520636418,2059984037695041538,'admin@flexchain.local','登录认证','用户登录','POST /api/auth/login','{\"arg0\":{\"username\":\"admin@flexchain.local\",\"password\":\"Admin123456\",\"tenantCode\":\"TC-20260528-7012\"},\"arg1\":\"[HttpServletRequest]\"}',200,'127.0.0.1','Mozilla/5.0 (Windows NT 10.0; Win64; x64) AppleWebKit/537.36 (KHTML, like Gecko) Codex/26.519.81530 Chrome/148.0.7778.97 Electron/42.1.0 Safari/537.36',183,1,NULL,'2026-05-29 20:30:51'),(2060339516879269890,0,0,'SYSTEM','登录认证','用户退出','POST /api/auth/logout',NULL,200,'127.0.0.1','Mozilla/5.0 (Windows NT 10.0; Win64; x64) AppleWebKit/537.36 (KHTML, like Gecko) Chrome/147.0.0.0 Safari/537.36',5,1,NULL,'2026-05-29 20:36:35'),(2060339522885513218,0,0,'SYSTEM','登录认证','用户登录','POST /api/auth/login','{\"arg0\":{\"username\":\"admin@flexchain.local\",\"password\":\"Admin123456\",\"tenantCode\":\"TC-20260528-7012\"},\"arg1\":\"[HttpServletRequest]\"}',200,'127.0.0.1','Mozilla/5.0 (Windows NT 10.0; Win64; x64) AppleWebKit/537.36 (KHTML, like Gecko) Chrome/147.0.0.0 Safari/537.36',184,1,NULL,'2026-05-29 20:36:36'),(2060341641172611074,2059984036520636418,2059984037695041538,'admin@flexchain.local','供应商管理','停用供应商','PUT /api/srm/suppliers/910000000000000103/disable','{\"arg0\":\"910000000000000103\",\"arg1\":{\"auditRemark\":\"运营手动停用供应商\"}}',200,'127.0.0.1','Mozilla/5.0 (Windows NT 10.0; Win64; x64) AppleWebKit/537.36 (KHTML, like Gecko) Chrome/147.0.0.0 Safari/537.36',2237,1,NULL,'2026-05-29 20:45:01'),(2060341669584826369,2059984036520636418,2059984037695041538,'admin@flexchain.local','供应商管理','重新启用供应商','PUT /api/srm/suppliers/910000000000000103/enable','{\"arg0\":\"910000000000000103\",\"arg1\":{\"auditRemark\":\"运营手动启用供应商\"}}',200,'127.0.0.1','Mozilla/5.0 (Windows NT 10.0; Win64; x64) AppleWebKit/537.36 (KHTML, like Gecko) Chrome/147.0.0.0 Safari/537.36',119,1,NULL,'2026-05-29 20:45:08'),(2060359247355047937,0,0,'SYSTEM','登录认证','用户登录','POST /api/auth/login','{\"arg0\":{\"username\":\"admin@flexchain.local\",\"password\":\"Admin123456\",\"tenantCode\":\"TC-20260528-7012\"},\"arg1\":\"[HttpServletRequest]\"}',200,'127.0.0.1','Mozilla/5.0 (Windows NT; Windows NT 10.0; zh-CN) WindowsPowerShell/5.1.26100.8457',214,1,NULL,'2026-05-29 21:54:59'),(2060558457207648257,0,0,'SYSTEM','登录认证','用户退出','POST /api/auth/logout',NULL,200,'127.0.0.1','Mozilla/5.0 (Windows NT 10.0; Win64; x64) AppleWebKit/537.36 (KHTML, like Gecko) Chrome/147.0.0.0 Safari/537.36',26,1,NULL,'2026-05-30 11:06:34'),(2060558462697992194,0,0,'SYSTEM','登录认证','用户登录','POST /api/auth/login','{\"arg0\":{\"username\":\"admin@flexchain.local\",\"password\":\"Admin123456\",\"tenantCode\":\"TC-20260528-7012\"},\"arg1\":\"[HttpServletRequest]\"}',200,'127.0.0.1','Mozilla/5.0 (Windows NT 10.0; Win64; x64) AppleWebKit/537.36 (KHTML, like Gecko) Chrome/147.0.0.0 Safari/537.36',336,1,NULL,'2026-05-30 11:06:35'),(2060564974388449281,0,0,'SYSTEM','登录认证','用户登录','POST /api/auth/login','{\"arg0\":{\"username\":\"admin@flexchain.local\",\"password\":\"Admin123456\",\"tenantCode\":\"TC-20260528-7012\"},\"arg1\":\"[HttpServletRequest]\"}',200,'127.0.0.1','Mozilla/5.0 (Windows NT 10.0; Win64; x64) AppleWebKit/537.36 (KHTML, like Gecko) Chrome/147.0.0.0 Safari/537.36',1750,1,NULL,'2026-05-30 11:32:28'),(2060565101329059841,0,0,'SYSTEM','登录认证','用户登录','POST /api/auth/login','{\"arg0\":{\"username\":\"admin@flexchain.local\",\"password\":\"Admin123456\",\"tenantCode\":\"TC-20260528-7012\"},\"arg1\":\"[HttpServletRequest]\"}',200,'127.0.0.1','Mozilla/5.0 (Windows NT 10.0; Win64; x64) AppleWebKit/537.36 (KHTML, like Gecko) Chrome/148.0.0.0 Safari/537.36',249,1,NULL,'2026-05-30 11:32:58'),(2060565279461150721,0,0,'SYSTEM','登录认证','用户登录','POST /api/auth/login','{\"arg0\":{\"username\":\"admin@flexchain.local\",\"password\":\"Admin123456\",\"tenantCode\":\"TC-20260528-7012\"},\"arg1\":\"[HttpServletRequest]\"}',200,'127.0.0.1','Mozilla/5.0 (Windows NT 10.0; Win64; x64) AppleWebKit/537.36 (KHTML, like Gecko) Chrome/148.0.0.0 Safari/537.36',193,1,NULL,'2026-05-30 11:33:41'),(2060565384562020354,0,0,'SYSTEM','登录认证','用户登录','POST /api/auth/login','{\"arg0\":{\"username\":\"admin@flexchain.local\",\"password\":\"Admin123456\",\"tenantCode\":\"TC-20260528-7012\"},\"arg1\":\"[HttpServletRequest]\"}',200,'127.0.0.1','Mozilla/5.0 (Windows NT 10.0; Win64; x64) AppleWebKit/537.36 (KHTML, like Gecko) Chrome/148.0.0.0 Safari/537.36',164,1,NULL,'2026-05-30 11:34:06'),(2060565582189236226,0,0,'SYSTEM','登录认证','用户登录','POST /api/auth/login','{\"arg0\":{\"username\":\"admin@flexchain.local\",\"password\":\"Admin123456\",\"tenantCode\":\"TC-20260528-7012\"},\"arg1\":\"[HttpServletRequest]\"}',200,'127.0.0.1','Mozilla/5.0 (Windows NT 10.0; Win64; x64) AppleWebKit/537.36 (KHTML, like Gecko) Chrome/148.0.0.0 Safari/537.36 Edg/148.0.0.0',161,1,NULL,'2026-05-30 11:34:53'),(2060565642507522049,0,0,'SYSTEM','登录认证','用户登录','POST /api/auth/login','{\"arg0\":{\"username\":\"admin@flexchain.local\",\"password\":\"Admin123456\",\"tenantCode\":\"TC-20260528-7012\"},\"arg1\":\"[HttpServletRequest]\"}',200,'127.0.0.1','Mozilla/5.0 (Windows NT 10.0; Win64; x64) AppleWebKit/537.36 (KHTML, like Gecko) Chrome/148.0.0.0 Safari/537.36 Edg/148.0.0.0',158,1,NULL,'2026-05-30 11:35:07'),(2060565839098744834,0,0,'SYSTEM','登录认证','用户登录','POST /api/auth/login','{\"arg0\":{\"username\":\"admin@flexchain.local\",\"password\":\"Admin123456\",\"tenantCode\":\"TC-20260528-7012\"},\"arg1\":\"[HttpServletRequest]\"}',200,'127.0.0.1','Mozilla/5.0 (Windows NT 10.0; Win64; x64) AppleWebKit/537.36 (KHTML, like Gecko) Chrome/126.0.0.0 Safari/537.36 Edg/126.0.0.0',167,1,NULL,'2026-05-30 11:35:54'),(2060566217022312449,2059984036520636418,2059984037695041538,'admin@flexchain.local','登录认证','用户退出','POST /api/auth/logout',NULL,200,'127.0.0.1','Mozilla/5.0 (Windows NT 10.0; Win64; x64) AppleWebKit/537.36 (KHTML, like Gecko) Chrome/148.0.0.0 Safari/537.36 Edg/148.0.0.0',4,1,NULL,'2026-05-30 11:37:24'),(2060566241772900354,0,0,'SYSTEM','登录认证','用户登录','POST /api/auth/login','{\"arg0\":{\"username\":\"admin@flexchain.local\",\"password\":\"Admin123456\",\"tenantCode\":\"TC-20260528-7012\"},\"arg1\":\"[HttpServletRequest]\"}',200,'127.0.0.1','Mozilla/5.0 (Windows NT 10.0; Win64; x64) AppleWebKit/537.36 (KHTML, like Gecko) Chrome/148.0.0.0 Safari/537.36 Edg/148.0.0.0',143,1,NULL,'2026-05-30 11:37:30'),(2060566358898839553,0,0,'SYSTEM','登录认证','用户登录','POST /api/auth/login','{\"arg0\":{\"username\":\"admin@flexchain.local\",\"password\":\"Admin123456\",\"tenantCode\":\"TC-20260528-7012\"},\"arg1\":\"[HttpServletRequest]\"}',200,'127.0.0.1','Mozilla/5.0 (Windows NT 10.0; Win64; x64) AppleWebKit/537.36 (KHTML, like Gecko) Chrome/148.0.0.0 Safari/537.36',171,1,NULL,'2026-05-30 11:37:58'),(2060566850165084161,0,0,'SYSTEM','登录认证','用户登录','POST /api/auth/login','{\"arg0\":{\"username\":\"admin@flexchain.local\",\"password\":\"Admin123456\",\"tenantCode\":\"TC-20260528-7012\"},\"arg1\":\"[HttpServletRequest]\"}',200,'127.0.0.1','Mozilla/5.0 (Windows NT 10.0; Win64; x64) AppleWebKit/537.36 (KHTML, like Gecko) Chrome/148.0.0.0 Safari/537.36',150,1,NULL,'2026-05-30 11:39:55'),(2060568485289332737,2059984036520636418,2059984037695041538,'admin@flexchain.local','登录认证','用户登录','POST /api/auth/login','{\"arg0\":{\"username\":\"admin@flexchain.local\",\"password\":\"Admin123456\",\"tenantCode\":\"TC-20260528-7012\"},\"arg1\":\"[HttpServletRequest]\"}',200,'127.0.0.1','Mozilla/5.0 (Windows NT 10.0; Win64; x64) AppleWebKit/537.36 (KHTML, like Gecko) Chrome/148.0.0.0 Safari/537.36',171,1,NULL,'2026-05-30 11:46:25'),(2060569403867074561,0,0,'SYSTEM','登录认证','用户退出','POST /api/auth/logout',NULL,200,'127.0.0.1','Mozilla/5.0 (Windows NT 10.0; Win64; x64) AppleWebKit/537.36 (KHTML, like Gecko) Chrome/147.0.0.0 Safari/537.36',3,1,NULL,'2026-05-30 11:50:04'),(2060569409491636226,0,0,'SYSTEM','登录认证','用户登录','POST /api/auth/login','{\"arg0\":{\"username\":\"admin@flexchain.local\",\"password\":\"Admin123456\",\"tenantCode\":\"TC-20260528-7012\"},\"arg1\":\"[HttpServletRequest]\"}',200,'127.0.0.1','Mozilla/5.0 (Windows NT 10.0; Win64; x64) AppleWebKit/537.36 (KHTML, like Gecko) Chrome/147.0.0.0 Safari/537.36',160,1,NULL,'2026-05-30 11:50:05'),(2060576367225409537,2059984036520636418,2059984037695041538,'admin@flexchain.local','登录认证','用户退出','POST /api/auth/logout',NULL,200,'127.0.0.1','Mozilla/5.0 (Windows NT 10.0; Win64; x64) AppleWebKit/537.36 (KHTML, like Gecko) Chrome/147.0.0.0 Safari/537.36',6,1,NULL,'2026-05-30 12:17:44'),(2060576456954155010,0,0,'SYSTEM','登录认证','用户登录','POST /api/auth/login','{\"arg0\":{\"username\":\"admin@flexchain.local\",\"password\":\"Admin123456\",\"tenantCode\":\"TC-20260528-7012\"},\"arg1\":\"[HttpServletRequest]\"}',200,'127.0.0.1','Mozilla/5.0 (Windows NT 10.0; Win64; x64) AppleWebKit/537.36 (KHTML, like Gecko) Chrome/148.0.0.0 Safari/537.36',181,1,NULL,'2026-05-30 12:18:06'),(2060577980124041218,0,0,'SYSTEM','登录认证','用户登录','POST /api/auth/login','{\"arg0\":{\"username\":\"admin@flexchain.local\",\"password\":\"Admin123456\",\"tenantCode\":\"TC-20260528-7012\"},\"arg1\":\"[HttpServletRequest]\"}',200,'127.0.0.1','Mozilla/5.0 (Windows NT 10.0; Win64; x64) AppleWebKit/537.36 (KHTML, like Gecko) Chrome/147.0.0.0 Safari/537.36',163,1,NULL,'2026-05-30 12:24:09'),(2060581988779757569,0,0,'SYSTEM','登录认证','用户登录','POST /api/auth/login','{\"arg0\":{\"username\":\"admin@flexchain.local\",\"password\":\"Admin123456\",\"tenantCode\":\"TC-20260528-7012\"},\"arg1\":\"[HttpServletRequest]\"}',200,'127.0.0.1','Mozilla/5.0 (Windows NT; Windows NT 10.0; zh-CN) WindowsPowerShell/5.1.26100.8457',166,1,NULL,'2026-05-30 12:40:05'),(2060582079745822722,0,0,'SYSTEM','登录认证','用户登录','POST /api/auth/login','{\"arg0\":{\"username\":\"admin@flexchain.local\",\"password\":\"Admin123456\",\"tenantCode\":\"TC-20260528-7012\"},\"arg1\":\"[HttpServletRequest]\"}',200,'127.0.0.1','Mozilla/5.0 (Windows NT; Windows NT 10.0; zh-CN) WindowsPowerShell/5.1.26100.8457',155,1,NULL,'2026-05-30 12:40:26'),(2060582184653754370,0,0,'SYSTEM','登录认证','用户登录','POST /api/auth/login','{\"arg0\":{\"username\":\"admin@flexchain.local\",\"password\":\"Admin123456\",\"tenantCode\":\"TC-20260528-7012\"},\"arg1\":\"[HttpServletRequest]\"}',200,'127.0.0.1','Mozilla/5.0 (Windows NT; Windows NT 10.0; zh-CN) WindowsPowerShell/5.1.26100.8457',150,1,NULL,'2026-05-30 12:40:51'),(2060605289094729729,0,0,'SYSTEM','登录认证','用户登录','POST /api/auth/login','{\"arg0\":{\"username\":\"warehouse@flexchain.local\",\"password\":\"Admin123456\",\"tenantCode\":\"TC-20260528-7012\"},\"arg1\":\"[HttpServletRequest]\"}',200,'127.0.0.1','Mozilla/5.0 (Windows NT; Windows NT 10.0; zh-CN) WindowsPowerShell/5.1.26100.8457',745,1,NULL,'2026-05-30 14:12:39'),(2060605686895104002,0,0,'SYSTEM','登录认证','用户登录','POST /api/auth/login','{\"arg0\":{\"username\":\"warehouse@flexchain.local\",\"password\":\"Admin123456\",\"tenantCode\":\"TC-20260528-7012\"},\"arg1\":\"[HttpServletRequest]\"}',200,'127.0.0.1','Mozilla/5.0 (Windows NT 10.0; Win64; x64) AppleWebKit/537.36 (KHTML, like Gecko) Chrome/148.0.0.0 Safari/537.36',188,1,NULL,'2026-05-30 14:14:15'),(2060608247639330818,0,0,'SYSTEM','登录认证','用户退出','POST /api/auth/logout',NULL,200,'127.0.0.1','Mozilla/5.0 (Windows NT 10.0; Win64; x64) AppleWebKit/537.36 (KHTML, like Gecko) Chrome/147.0.0.0 Safari/537.36',5,1,NULL,'2026-05-30 14:24:25'),(2060608252513112066,0,0,'SYSTEM','登录认证','用户登录','POST /api/auth/login','{\"arg0\":{\"username\":\"admin@flexchain.local\",\"password\":\"Admin123456\",\"tenantCode\":\"TC-20260528-7012\"},\"arg1\":\"[HttpServletRequest]\"}',200,'127.0.0.1','Mozilla/5.0 (Windows NT 10.0; Win64; x64) AppleWebKit/537.36 (KHTML, like Gecko) Chrome/147.0.0.0 Safari/537.36',185,1,NULL,'2026-05-30 14:24:26'),(2060608336059453442,2059984036520636418,2059984037695041538,'admin@flexchain.local','系统角色','分配角色菜单权限','PUT /system/roles/920000000000000401/menus','{\"arg0\":\"920000000000000401\",\"arg1\":{\"menuIds\":[\"100\",\"103\",\"104\",\"10301\",\"10302\",\"10303\",\"10401\",\"10402\",\"10403\",\"101\",\"102\",\"10101\",\"10102\",\"10103\",\"10104\",\"10105\",\"10201\",\"10202\",\"10203\",\"200\",\"20001\",\"300\",\"30001\",\"30002\",\"400\",\"40001\",\"40002\"]}}',200,'127.0.0.1','Mozilla/5.0 (Windows NT 10.0; Win64; x64) AppleWebKit/537.36 (KHTML, like Gecko) Chrome/147.0.0.0 Safari/537.36',72,1,NULL,'2026-05-30 14:24:46'),(2060608377151049730,2059984036520636418,2059984037695041538,'admin@flexchain.local','系统角色','分配角色菜单权限','PUT /system/roles/920000000000000401/menus','{\"arg0\":\"920000000000000401\",\"arg1\":{\"menuIds\":[\"100\",\"103\",\"104\",\"10301\",\"10302\",\"10303\",\"10401\",\"10402\",\"10403\",\"101\",\"102\",\"10101\",\"10102\",\"10103\",\"10104\",\"10105\",\"10201\",\"10202\",\"10203\",\"200\",\"20001\",\"300\",\"30001\",\"30002\",\"400\",\"40001\",\"40002\",\"500\",\"50001\",\"50002\",\"600\",\"60001\"]}}',200,'127.0.0.1','Mozilla/5.0 (Windows NT 10.0; Win64; x64) AppleWebKit/537.36 (KHTML, like Gecko) Chrome/147.0.0.0 Safari/537.36',59,1,NULL,'2026-05-30 14:24:56'),(2060608384189091842,2059984036520636418,2059984037695041538,'admin@flexchain.local','登录认证','用户退出','POST /api/auth/logout',NULL,200,'127.0.0.1','Mozilla/5.0 (Windows NT 10.0; Win64; x64) AppleWebKit/537.36 (KHTML, like Gecko) Chrome/147.0.0.0 Safari/537.36',8,1,NULL,'2026-05-30 14:24:58'),(2060608421203824641,0,0,'SYSTEM','登录认证','用户登录','POST /api/auth/login','{\"arg0\":{\"username\":\"warehouse@flexchain.local\",\"password\":\"Admin123456\",\"tenantCode\":\"TC-20260528-7012\"},\"arg1\":\"[HttpServletRequest]\"}',200,'127.0.0.1','Mozilla/5.0 (Windows NT 10.0; Win64; x64) AppleWebKit/537.36 (KHTML, like Gecko) Chrome/147.0.0.0 Safari/537.36',176,1,NULL,'2026-05-30 14:25:07'),(2060609060566749186,2059984036520636418,920000000000000402,'warehouse@flexchain.local','登录认证','用户退出','POST /api/auth/logout',NULL,200,'127.0.0.1','Mozilla/5.0 (Windows NT 10.0; Win64; x64) AppleWebKit/537.36 (KHTML, like Gecko) Chrome/147.0.0.0 Safari/537.36',5,1,NULL,'2026-05-30 14:27:39'),(2060609070096207873,0,0,'SYSTEM','登录认证','用户登录','POST /api/auth/login','{\"arg0\":{\"username\":\"admin@flexchain.local\",\"password\":\"Admin123456\",\"tenantCode\":\"TC-20260528-7012\"},\"arg1\":\"[HttpServletRequest]\"}',200,'127.0.0.1','Mozilla/5.0 (Windows NT 10.0; Win64; x64) AppleWebKit/537.36 (KHTML, like Gecko) Chrome/147.0.0.0 Safari/537.36',150,1,NULL,'2026-05-30 14:27:41'),(2060609630740434946,0,0,'SYSTEM','登录认证','用户登录','POST /api/auth/login','{\"arg0\":{\"username\":\"warehouse@flexchain.local\",\"password\":\"Admin123456\",\"tenantCode\":\"TC-20260528-7012\"},\"arg1\":\"[HttpServletRequest]\"}',200,'127.0.0.1','Mozilla/5.0 (Windows NT; Windows NT 10.0; zh-CN) WindowsPowerShell/5.1.26100.8457',161,1,NULL,'2026-05-30 14:29:55'),(2060610743480897538,0,0,'SYSTEM','登录认证','用户登录','POST /api/auth/login','{\"arg0\":{\"username\":\"warehouse@flexchain.local\",\"password\":\"Admin123456\",\"tenantCode\":\"TC-20260528-7012\"},\"arg1\":\"[HttpServletRequest]\"}',200,'127.0.0.1','Mozilla/5.0 (Windows NT; Windows NT 10.0; zh-CN) WindowsPowerShell/5.1.26100.8457',163,1,NULL,'2026-05-30 14:34:20'),(2060615261094432769,0,0,'SYSTEM','登录认证','用户登录','POST /api/auth/login','{\"arg0\":{\"username\":\"admin@flexchain.local\",\"password\":\"Admin123456\",\"tenantCode\":\"TC-20260528-7012\"},\"arg1\":\"[HttpServletRequest]\"}',200,'127.0.0.1','Mozilla/5.0 (Windows NT; Windows NT 10.0; zh-CN) WindowsPowerShell/5.1.26100.8457',175,1,NULL,'2026-05-30 14:52:17'),(2060615297719095298,0,0,'SYSTEM','登录认证','用户登录','POST /api/auth/login','{\"arg0\":{\"username\":\"warehouse@flexchain.local\",\"password\":\"Admin123456\",\"tenantCode\":\"TC-20260528-7012\"},\"arg1\":\"[HttpServletRequest]\"}',200,'127.0.0.1','Mozilla/5.0 (Windows NT; Windows NT 10.0; zh-CN) WindowsPowerShell/5.1.26100.8457',184,1,NULL,'2026-05-30 14:52:26'),(2060615723067658242,0,0,'SYSTEM','登录认证','用户登录','POST /api/auth/login','{\"arg0\":{\"username\":\"admin@flexchain.local\",\"password\":\"Admin123456\",\"tenantCode\":\"TC-20260528-7012\"},\"arg1\":\"[HttpServletRequest]\"}',200,'127.0.0.1','node',156,1,NULL,'2026-05-30 14:54:07'),(2060615739349946370,0,0,'SYSTEM','登录认证','用户登录','POST /api/auth/login','{\"arg0\":{\"username\":\"warehouse@flexchain.local\",\"password\":\"Admin123456\",\"tenantCode\":\"TC-20260528-7012\"},\"arg1\":\"[HttpServletRequest]\"}',200,'127.0.0.1','node',140,1,NULL,'2026-05-30 14:54:11'),(2060616101314187265,0,0,'SYSTEM','登录认证','用户登录','POST /api/auth/login','{\"arg0\":{\"username\":\"warehouse@flexchain.local\",\"password\":\"Admin123456\",\"tenantCode\":\"TC-20260528-7012\"},\"arg1\":\"[HttpServletRequest]\"}',200,'127.0.0.1','node',153,1,NULL,'2026-05-30 14:55:38'),(2060620835894931458,0,0,'SYSTEM','登录认证','用户登录','POST /api/auth/login','{\"arg0\":{\"username\":\"admin@flexchain.local\",\"password\":\"Admin123456\",\"tenantCode\":\"TC-20260528-7012\"},\"arg1\":\"[HttpServletRequest]\"}',200,'127.0.0.1','node',1427,1,NULL,'2026-05-30 15:14:26'),(2060620857894055938,0,0,'SYSTEM','登录认证','用户登录','POST /api/auth/login','{\"arg0\":{\"username\":\"warehouse@flexchain.local\",\"password\":\"Admin123456\",\"tenantCode\":\"TC-20260528-7012\"},\"arg1\":\"[HttpServletRequest]\"}',200,'127.0.0.1','node',176,1,NULL,'2026-05-30 15:14:32'),(2060621002136170498,0,0,'SYSTEM','登录认证','用户登录','POST /api/auth/login','{\"arg0\":{\"username\":\"admin@flexchain.local\",\"password\":\"Admin123456\",\"tenantCode\":\"TC-20260528-7012\"},\"arg1\":\"[HttpServletRequest]\"}',200,'127.0.0.1','node',158,1,NULL,'2026-05-30 15:15:06'),(2060621002794676225,0,0,'SYSTEM','登录认证','用户登录','POST /api/auth/login','{\"arg0\":{\"username\":\"warehouse@flexchain.local\",\"password\":\"Admin123456\",\"tenantCode\":\"TC-20260528-7012\"},\"arg1\":\"[HttpServletRequest]\"}',200,'127.0.0.1','node',154,1,NULL,'2026-05-30 15:15:06'),(2060621133749235713,0,0,'SYSTEM','登录认证','用户登录','POST /api/auth/login','{\"arg0\":{\"username\":\"admin@flexchain.local\",\"password\":\"Admin123456\",\"tenantCode\":\"TC-20260528-7012\"},\"arg1\":\"[HttpServletRequest]\"}',200,'127.0.0.1','node',174,1,NULL,'2026-05-30 15:15:37'),(2060621195883655169,0,0,'SYSTEM','登录认证','用户登录','POST /api/auth/login','{\"arg0\":{\"username\":\"admin@flexchain.local\",\"password\":\"Admin123456\",\"tenantCode\":\"TC-20260528-7012\"},\"arg1\":\"[HttpServletRequest]\"}',200,'127.0.0.1','node',184,1,NULL,'2026-05-30 15:15:52'),(2060621196336640001,2059984036520636418,2059984037695041538,'admin@flexchain.local','系统角色','分配角色菜单权限','PUT /system/roles/920000000000000401/menus','{\"arg0\":\"920000000000000401\",\"arg1\":{\"menuIds\":[\"103\",\"104\",\"10301\",\"10302\",\"10303\",\"10401\",\"10402\",\"10403\"]}}',200,'127.0.0.1','node',81,1,NULL,'2026-05-30 15:15:52'),(2060621354990383105,0,0,'SYSTEM','登录认证','用户登录','POST /api/auth/login','{\"arg0\":{\"username\":\"warehouse@flexchain.local\",\"password\":\"Admin123456\",\"tenantCode\":\"TC-20260528-7012\"},\"arg1\":\"[HttpServletRequest]\"}',200,'127.0.0.1','node',201,1,NULL,'2026-05-30 15:16:30'),(2060621461202743297,0,0,'SYSTEM','登录认证','用户退出','POST /api/auth/logout',NULL,200,'127.0.0.1','Mozilla/5.0 (Windows NT 10.0; Win64; x64) AppleWebKit/537.36 (KHTML, like Gecko) Chrome/147.0.0.0 Safari/537.36',4,1,NULL,'2026-05-30 15:16:56'),(2060621466948939778,0,0,'SYSTEM','登录认证','用户登录','POST /api/auth/login','{\"arg0\":{\"username\":\"admin@flexchain.local\",\"password\":\"Admin123456\",\"tenantCode\":\"TC-20260528-7012\"},\"arg1\":\"[HttpServletRequest]\"}',200,'127.0.0.1','Mozilla/5.0 (Windows NT 10.0; Win64; x64) AppleWebKit/537.36 (KHTML, like Gecko) Chrome/147.0.0.0 Safari/537.36',160,1,NULL,'2026-05-30 15:16:57'),(2060621629297864706,0,0,'SYSTEM','登录认证','用户登录','POST /api/auth/login','{\"arg0\":{\"username\":\"admin@flexchain.local\",\"password\":\"Admin123456\",\"tenantCode\":\"TC-20260528-7012\"},\"arg1\":\"[HttpServletRequest]\"}',200,'127.0.0.1','node',153,1,NULL,'2026-05-30 15:17:36'),(2060621637401260033,0,0,'SYSTEM','登录认证','用户登录','POST /api/auth/login','{\"arg0\":{\"username\":\"warehouse@flexchain.local\",\"password\":\"Admin123456\",\"tenantCode\":\"TC-20260528-7012\"},\"arg1\":\"[HttpServletRequest]\"}',200,'127.0.0.1','node',164,1,NULL,'2026-05-30 15:17:38'),(2060622600212131841,0,0,'SYSTEM','登录认证','用户登录','POST /api/auth/login','{\"arg0\":{\"username\":\"admin@flexchain.local\",\"password\":\"Admin123456\",\"tenantCode\":\"TC-20260528-7012\"},\"arg1\":\"[HttpServletRequest]\"}',200,'127.0.0.1','Mozilla/5.0 (Windows NT 10.0; Win64; x64) AppleWebKit/537.36 (KHTML, like Gecko) Chrome/148.0.0.0 Safari/537.36',191,1,NULL,'2026-05-30 15:21:27'),(2060623702806573057,0,0,'SYSTEM','登录认证','用户退出','POST /api/auth/logout',NULL,200,'127.0.0.1','Mozilla/5.0 (Windows NT 10.0; Win64; x64) AppleWebKit/537.36 (KHTML, like Gecko) Chrome/147.0.0.0 Safari/537.36',4,1,NULL,'2026-05-30 15:25:50'),(2060623707160260610,0,0,'SYSTEM','登录认证','用户登录','POST /api/auth/login','{\"arg0\":{\"username\":\"admin@flexchain.local\",\"password\":\"Admin123456\",\"tenantCode\":\"TC-20260528-7012\"},\"arg1\":\"[HttpServletRequest]\"}',200,'127.0.0.1','Mozilla/5.0 (Windows NT 10.0; Win64; x64) AppleWebKit/537.36 (KHTML, like Gecko) Chrome/147.0.0.0 Safari/537.36',171,1,NULL,'2026-05-30 15:25:51'),(2060625940924936194,0,0,'SYSTEM','登录认证','用户登录','POST /api/auth/login','{\"arg0\":{\"username\":\"admin@flexchain.local\",\"password\":\"Admin123456\",\"tenantCode\":\"TC-20260528-7012\"},\"arg1\":\"[HttpServletRequest]\"}',200,'127.0.0.1','node',152,1,NULL,'2026-05-30 15:34:44'),(2060627492020498433,0,0,'SYSTEM','登录认证','用户登录','POST /api/auth/login','{\"arg0\":{\"username\":\"admin@flexchain.local\",\"password\":\"Admin123456\",\"tenantCode\":\"TC-20260528-7012\"},\"arg1\":\"[HttpServletRequest]\"}',200,'127.0.0.1','node',242,1,NULL,'2026-05-30 15:40:53'),(2060627727266426881,0,0,'SYSTEM','登录认证','用户退出','POST /api/auth/logout',NULL,200,'127.0.0.1','Mozilla/5.0 (Windows NT 10.0; Win64; x64) AppleWebKit/537.36 (KHTML, like Gecko) Chrome/147.0.0.0 Safari/537.36',3,1,NULL,'2026-05-30 15:41:49'),(2060627731422982145,0,0,'SYSTEM','登录认证','用户登录','POST /api/auth/login','{\"arg0\":{\"username\":\"admin@flexchain.local\",\"password\":\"Admin123456\",\"tenantCode\":\"TC-20260528-7012\"},\"arg1\":\"[HttpServletRequest]\"}',200,'127.0.0.1','Mozilla/5.0 (Windows NT 10.0; Win64; x64) AppleWebKit/537.36 (KHTML, like Gecko) Chrome/147.0.0.0 Safari/537.36',180,1,NULL,'2026-05-30 15:41:50'),(2060629704624910337,0,0,'SYSTEM','登录认证','用户登录','POST /api/auth/login','{\"arg0\":{\"username\":\"admin@flexchain.local\",\"password\":\"Admin123456\",\"tenantCode\":\"TC-20260528-7012\"},\"arg1\":\"[HttpServletRequest]\"}',200,'127.0.0.1','node',176,1,NULL,'2026-05-30 15:49:41'),(2060629854420283393,0,0,'SYSTEM','登录认证','用户登录','POST /api/auth/login','{\"arg0\":{\"username\":\"admin@flexchain.local\",\"password\":\"Admin123456\",\"tenantCode\":\"TC-20260528-7012\"},\"arg1\":\"[HttpServletRequest]\"}',200,'127.0.0.1','node',152,1,NULL,'2026-05-30 15:50:17'),(2060630050378166273,0,0,'SYSTEM','登录认证','用户登录','POST /api/auth/login','{\"arg0\":{\"username\":\"admin@flexchain.local\",\"password\":\"Admin123456\",\"tenantCode\":\"TC-20260528-7012\"},\"arg1\":\"[HttpServletRequest]\"}',200,'127.0.0.1','node',146,1,NULL,'2026-05-30 15:51:03'),(2060630769806184449,0,0,'SYSTEM','登录认证','用户登录','POST /api/auth/login','{\"arg0\":{\"username\":\"admin@flexchain.local\",\"password\":\"Admin123456\",\"tenantCode\":\"TC-20260528-7012\"},\"arg1\":\"[HttpServletRequest]\"}',200,'127.0.0.1','node',1299,1,NULL,'2026-05-30 15:53:55'),(2060631606204928001,0,0,'SYSTEM','登录认证','用户登录','POST /api/auth/login','{\"arg0\":{\"username\":\"admin@flexchain.local\",\"password\":\"Admin123456\",\"tenantCode\":\"TC-20260528-7012\"},\"arg1\":\"[HttpServletRequest]\"}',200,'127.0.0.1','node',200,1,NULL,'2026-05-30 15:57:14'),(2060635321930452994,0,0,'SYSTEM','登录认证','用户登录','POST /api/auth/login','{\"arg0\":{\"username\":\"admin@flexchain.local\",\"password\":\"Admin123456\",\"tenantCode\":\"TC-20260528-7012\"},\"arg1\":\"[HttpServletRequest]\"}',200,'127.0.0.1','node',298,1,NULL,'2026-05-30 16:12:00'),(2060635340477665281,2059984036520636418,2059984037695041538,'admin@flexchain.local','供应商管理','审核通过供应商','PUT /api/srm/suppliers/930000000000200101/approve','{\"arg0\":\"930000000000200101\",\"arg1\":{\"auditRemark\":\"链路审计：供应商审核通过\"}}',200,'127.0.0.1','node',1245,1,NULL,'2026-05-30 16:12:05'),(2060635355518439426,2059984036520636418,2059984037695041538,'admin@flexchain.local','采购申请','创建采购申请','POST /api/pms/requisitions','{\"arg0\":{\"reqSource\":null,\"title\":\"Codex SRM PMS WMS FMS Chain 101\",\"warehouseId\":\"910000000000000501\",\"expectDate\":\"2026-06-05\",\"totalAmount\":37.50,\"priority\":2,\"applyUserId\":\"2059984037695041538\",\"applyUserName\":\"租户管理员\",\"remark\":\"SRM-PMS-WMS-FMS chain audit\",\"items\":[{\"skuId\":\"910000000000000403\",\"skuCode\":\"SKU-PKG-110\",\"skuName\":\"抗压快递纸箱 40x30x28cm\",\"spec\":null,\"unit\":\"件\",\"quantity\":3,\"currentStock\":null,\"safetyStock\":null,\"inTransitQty\":null,\"refPrice\":null,\"unitPrice\":12.5,\"expectDate\":\"2026-06-05\",\"remark\":null}]}}',200,'127.0.0.1','node',832,1,NULL,'2026-05-30 16:12:08'),(2060635356046921729,2059984036520636418,2059984037695041538,'admin@flexchain.local','采购申请','提交采购申请','PUT /api/pms/requisitions/2060635355262488577/submit','{\"arg0\":\"2060635355262488577\"}',200,'127.0.0.1','node',86,1,NULL,'2026-05-30 16:12:08'),(2060636196404989954,0,0,'SYSTEM','登录认证','用户登录','POST /api/auth/login','{\"arg0\":{\"username\":\"admin@flexchain.local\",\"password\":\"Admin123456\",\"tenantCode\":\"TC-20260528-7012\"},\"arg1\":\"[HttpServletRequest]\"}',200,'127.0.0.1','node',875,1,NULL,'2026-05-30 16:15:29'),(2060636201907916801,2059984036520636418,2059984037695041538,'admin@flexchain.local','供应商管理','审核通过供应商','PUT /api/srm/suppliers/930000000000200101/approve','{\"arg0\":\"930000000000200101\",\"arg1\":{\"auditRemark\":\"链路审计：供应商审核通过\"}}',200,'127.0.0.1','node',652,1,NULL,'2026-05-30 16:15:30'),(2060636206584565762,2059984036520636418,2059984037695041538,'admin@flexchain.local','采购申请','创建采购申请','POST /api/pms/requisitions','{\"arg0\":{\"reqSource\":null,\"title\":\"Codex SRM PMS WMS FMS Chain 101\",\"warehouseId\":\"910000000000000501\",\"expectDate\":\"2026-06-05\",\"totalAmount\":37.50,\"priority\":2,\"applyUserId\":\"2059984037695041538\",\"applyUserName\":\"租户管理员\",\"remark\":\"SRM-PMS-WMS-FMS chain audit\",\"items\":[{\"skuId\":\"910000000000000403\",\"skuCode\":\"SKU-PKG-110\",\"skuName\":\"抗压快递纸箱 40x30x28cm\",\"spec\":null,\"unit\":\"件\",\"quantity\":3,\"currentStock\":null,\"safetyStock\":null,\"inTransitQty\":null,\"refPrice\":null,\"unitPrice\":12.5,\"expectDate\":\"2026-06-05\",\"remark\":null}]}}',200,'127.0.0.1','node',477,1,NULL,'2026-05-30 16:15:31'),(2060636207033356289,2059984036520636418,2059984037695041538,'admin@flexchain.local','采购申请','提交采购申请','PUT /api/pms/requisitions/2060636206421065730/submit','{\"arg0\":\"2060636206421065730\"}',200,'127.0.0.1','node',79,1,NULL,'2026-05-30 16:15:31'),(2060636517227302913,0,0,'SYSTEM','登录认证','用户登录','POST /api/auth/login','{\"arg0\":{\"username\":\"admin@flexchain.local\",\"password\":\"Admin123456\",\"tenantCode\":\"TC-20260528-7012\"},\"arg1\":\"[HttpServletRequest]\"}',200,'127.0.0.1','node',181,1,NULL,'2026-05-30 16:16:45'),(2060636518716280833,2059984036520636418,2059984037695041538,'admin@flexchain.local','供应商管理','审核通过供应商','PUT /api/srm/suppliers/930000000000200101/approve','{\"arg0\":\"930000000000200101\",\"arg1\":{\"auditRemark\":\"链路审计：供应商审核通过\"}}',200,'127.0.0.1','node',194,1,NULL,'2026-05-30 16:16:45'),(2060636519307677697,2059984036520636418,2059984037695041538,'admin@flexchain.local','采购申请','创建采购申请','POST /api/pms/requisitions','{\"arg0\":{\"reqSource\":null,\"title\":\"Codex SRM PMS WMS FMS Chain 101\",\"warehouseId\":\"910000000000000501\",\"expectDate\":\"2026-06-05\",\"totalAmount\":37.50,\"priority\":2,\"applyUserId\":\"2059984037695041538\",\"applyUserName\":\"租户管理员\",\"remark\":\"SRM-PMS-WMS-FMS chain audit\",\"items\":[{\"skuId\":\"910000000000000403\",\"skuCode\":\"SKU-PKG-110\",\"skuName\":\"抗压快递纸箱 40x30x28cm\",\"spec\":null,\"unit\":\"件\",\"quantity\":3,\"currentStock\":null,\"safetyStock\":null,\"inTransitQty\":null,\"refPrice\":null,\"unitPrice\":12.5,\"expectDate\":\"2026-06-05\",\"remark\":null}]}}',200,'127.0.0.1','node',60,1,NULL,'2026-05-30 16:16:46'),(2060636519563530242,2059984036520636418,2059984037695041538,'admin@flexchain.local','采购申请','提交采购申请','PUT /api/pms/requisitions/2060636519169343490/submit','{\"arg0\":\"2060636519169343490\"}',200,'127.0.0.1','node',46,1,NULL,'2026-05-30 16:16:46'),(2060645641235206146,0,0,'SYSTEM','登录认证','用户退出','POST /api/auth/logout',NULL,200,'127.0.0.1','Mozilla/5.0 (Windows NT 10.0; Win64; x64) AppleWebKit/537.36 (KHTML, like Gecko) Chrome/147.0.0.0 Safari/537.36',19,1,NULL,'2026-05-30 16:53:00'),(2060645665633472514,0,0,'SYSTEM','登录认证','用户登录','POST /api/auth/login','{\"arg0\":{\"username\":\"admin@flexchain.local\",\"password\":\"Admin123456\",\"tenantCode\":\"TC-20260528-7012\"},\"arg1\":\"[HttpServletRequest]\"}',200,'127.0.0.1','Mozilla/5.0 (Windows NT 10.0; Win64; x64) AppleWebKit/537.36 (KHTML, like Gecko) Chrome/147.0.0.0 Safari/537.36',566,1,NULL,'2026-05-30 16:53:06'),(2060648685259722753,0,0,'SYSTEM','登录认证','用户登录','POST /api/auth/login','{\"arg0\":{\"username\":\"admin@flexchain.local\",\"password\":\"Admin123456\",\"tenantCode\":\"TC-20260528-7012\"},\"arg1\":\"[HttpServletRequest]\"}',200,'127.0.0.1','node',397,1,NULL,'2026-05-30 17:05:06'),(2060648685523963906,0,0,'SYSTEM','登录认证','用户登录','POST /api/auth/login','{\"arg0\":{\"username\":\"admin@flexchain.local\",\"password\":\"Admin123456\",\"tenantCode\":\"TC-20260528-7012\"},\"arg1\":\"[HttpServletRequest]\"}',200,'127.0.0.1','node',397,1,NULL,'2026-05-30 17:05:06'),(2060648690460659713,2059984036520636418,2059984037695041538,'admin@flexchain.local','供应商管理','审核通过供应商','PUT /api/srm/suppliers/930000000000200101/approve','{\"arg0\":\"930000000000200101\",\"arg1\":{\"auditRemark\":\"链路审计：供应商审核通过\"}}',200,'127.0.0.1','node',610,1,NULL,'2026-05-30 17:05:07'),(2060648692457148417,2059984036520636418,2059984037695041538,'admin@flexchain.local','采购申请','创建采购申请','POST /api/pms/requisitions','{\"arg0\":{\"reqSource\":null,\"title\":\"Codex SRM PMS WMS FMS Chain 101\",\"warehouseId\":\"910000000000000501\",\"expectDate\":\"2026-06-05\",\"totalAmount\":37.50,\"priority\":2,\"applyUserId\":\"2059984037695041538\",\"applyUserName\":\"租户管理员\",\"remark\":\"SRM-PMS-WMS-FMS chain audit\",\"items\":[{\"skuId\":\"910000000000000403\",\"skuCode\":\"SKU-PKG-110\",\"skuName\":\"抗压快递纸箱 40x30x28cm\",\"spec\":null,\"unit\":\"件\",\"quantity\":3,\"currentStock\":null,\"safetyStock\":null,\"inTransitQty\":null,\"refPrice\":null,\"unitPrice\":12.5,\"expectDate\":\"2026-06-05\",\"remark\":null}]}}',200,'127.0.0.1','node',291,1,NULL,'2026-05-30 17:05:08'),(2060648692784304129,2059984036520636418,2059984037695041538,'admin@flexchain.local','采购申请','提交采购申请','PUT /api/pms/requisitions/2060648692209762305/submit','{\"arg0\":\"2060648692209762305\"}',200,'127.0.0.1','node',57,1,NULL,'2026-05-30 17:05:08'),(2060654382282182658,0,0,'SYSTEM','登录认证','用户登录','POST /api/auth/login','{\"arg0\":{\"username\":\"admin@flexchain.local\",\"password\":\"Admin123456\",\"tenantCode\":\"TC-20260528-7012\"},\"arg1\":\"[HttpServletRequest]\"}',200,'127.0.0.1','node',553,1,NULL,'2026-05-30 17:27:44'),(2060654382470926338,0,0,'SYSTEM','登录认证','用户登录','POST /api/auth/login','{\"arg0\":{\"username\":\"admin@flexchain.local\",\"password\":\"Admin123456\",\"tenantCode\":\"TC-20260528-7012\"},\"arg1\":\"[HttpServletRequest]\"}',200,'127.0.0.1','node',553,1,NULL,'2026-05-30 17:27:44'),(2060654386510041090,2059984036520636418,2059984037695041538,'admin@flexchain.local','供应商管理','审核通过供应商','PUT /api/srm/suppliers/930000000000200101/approve','{\"arg0\":\"930000000000200101\",\"arg1\":{\"auditRemark\":\"链路审计：供应商审核通过\"}}',200,'127.0.0.1','node',553,1,NULL,'2026-05-30 17:27:46'),(2060654388871434241,2059984036520636418,2059984037695041538,'admin@flexchain.local','采购申请','创建采购申请','POST /api/pms/requisitions','{\"arg0\":{\"reqSource\":null,\"title\":\"Codex SRM PMS WMS FMS Chain 101\",\"warehouseId\":\"910000000000000501\",\"expectDate\":\"2026-06-05\",\"totalAmount\":37.50,\"priority\":2,\"applyUserId\":\"2059984037695041538\",\"applyUserName\":\"租户管理员\",\"remark\":\"SRM-PMS-WMS-FMS chain audit\",\"items\":[{\"skuId\":\"910000000000000403\",\"skuCode\":\"SKU-PKG-110\",\"skuName\":\"抗压快递纸箱 40x30x28cm\",\"spec\":null,\"unit\":\"件\",\"quantity\":3,\"currentStock\":null,\"safetyStock\":null,\"inTransitQty\":null,\"refPrice\":null,\"unitPrice\":12.5,\"expectDate\":\"2026-06-05\",\"remark\":null}]}}',200,'127.0.0.1','node',365,1,NULL,'2026-05-30 17:27:46'),(2060654389257310209,2059984036520636418,2059984037695041538,'admin@flexchain.local','采购申请','提交采购申请','PUT /api/pms/requisitions/2060654388733100033/submit','{\"arg0\":\"2060654388733100033\"}',200,'127.0.0.1','node',69,1,NULL,'2026-05-30 17:27:46'),(2060654974459187202,0,0,'SYSTEM','登录认证','用户登录','POST /api/auth/login','{\"arg0\":{\"username\":\"admin@flexchain.local\",\"password\":\"Admin123456\",\"tenantCode\":\"TC-20260528-7012\"},\"arg1\":\"[HttpServletRequest]\"}',200,'127.0.0.1','node',188,1,NULL,'2026-05-30 17:30:06'),(2060656895030988802,2059984036520636418,2059984037695041538,'admin@flexchain.local','登录认证','用户退出','POST /api/auth/logout',NULL,200,'127.0.0.1','Mozilla/5.0 (Windows NT 10.0; Win64; x64) AppleWebKit/537.36 (KHTML, like Gecko) Chrome/147.0.0.0 Safari/537.36',29,1,NULL,'2026-05-30 17:37:44'),(2060656903994216450,0,0,'SYSTEM','登录认证','用户登录','POST /api/auth/login','{\"arg0\":{\"username\":\"warehouse@flexchain.local\",\"password\":\"Admin123456\",\"tenantCode\":\"TC-20260528-7012\"},\"arg1\":\"[HttpServletRequest]\"}',200,'127.0.0.1','Mozilla/5.0 (Windows NT 10.0; Win64; x64) AppleWebKit/537.36 (KHTML, like Gecko) Chrome/147.0.0.0 Safari/537.36',241,1,NULL,'2026-05-30 17:37:46'),(2060656943559086082,2059984036520636418,920000000000000402,'warehouse@flexchain.local','登录认证','用户退出','POST /api/auth/logout',NULL,200,'127.0.0.1','Mozilla/5.0 (Windows NT 10.0; Win64; x64) AppleWebKit/537.36 (KHTML, like Gecko) Chrome/147.0.0.0 Safari/537.36',6,1,NULL,'2026-05-30 17:37:55'),(2060656952295821313,0,0,'SYSTEM','登录认证','用户登录','POST /api/auth/login','{\"arg0\":{\"username\":\"admin@flexchain.local\",\"password\":\"Admin123456\",\"tenantCode\":\"TC-20260528-7012\"},\"arg1\":\"[HttpServletRequest]\"}',200,'127.0.0.1','Mozilla/5.0 (Windows NT 10.0; Win64; x64) AppleWebKit/537.36 (KHTML, like Gecko) Chrome/147.0.0.0 Safari/537.36',163,1,NULL,'2026-05-30 17:37:57'),(2060658254664962050,0,0,'SYSTEM','登录认证','用户登录','POST /api/auth/login','{\"arg0\":{\"username\":\"admin@flexchain.local\",\"password\":\"Admin123456\",\"tenantCode\":\"TC-20260528-7012\"},\"arg1\":\"[HttpServletRequest]\"}',200,'127.0.0.1','node',167,1,NULL,'2026-05-30 17:43:08'),(2060658254727876609,0,0,'SYSTEM','登录认证','用户登录','POST /api/auth/login','{\"arg0\":{\"username\":\"admin@flexchain.local\",\"password\":\"Admin123456\",\"tenantCode\":\"TC-20260528-7012\"},\"arg1\":\"[HttpServletRequest]\"}',200,'127.0.0.1','node',164,1,NULL,'2026-05-30 17:43:08'),(2060658257085075458,2059984036520636418,2059984037695041538,'admin@flexchain.local','供应商管理','审核通过供应商','PUT /api/srm/suppliers/930000000000200101/approve','{\"arg0\":\"930000000000200101\",\"arg1\":{\"auditRemark\":\"链路审计：供应商审核通过\"}}',200,'127.0.0.1','node',335,1,NULL,'2026-05-30 17:43:08'),(2060658258527916033,2059984036520636418,2059984037695041538,'admin@flexchain.local','采购申请','创建采购申请','POST /api/pms/requisitions','{\"arg0\":{\"reqSource\":null,\"title\":\"Codex SRM PMS WMS FMS Chain 101\",\"warehouseId\":\"910000000000000501\",\"expectDate\":\"2026-06-05\",\"totalAmount\":37.50,\"priority\":2,\"applyUserId\":\"2059984037695041538\",\"applyUserName\":\"租户管理员\",\"remark\":\"SRM-PMS-WMS-FMS chain audit\",\"items\":[{\"skuId\":\"910000000000000403\",\"skuCode\":\"SKU-PKG-110\",\"skuName\":\"抗压快递纸箱 40x30x28cm\",\"spec\":null,\"unit\":\"件\",\"quantity\":3,\"currentStock\":null,\"safetyStock\":null,\"inTransitQty\":null,\"refPrice\":null,\"unitPrice\":12.5,\"expectDate\":\"2026-06-05\",\"remark\":null}]}}',200,'127.0.0.1','node',213,1,NULL,'2026-05-30 17:43:09'),(2060658258859266050,2059984036520636418,2059984037695041538,'admin@flexchain.local','采购申请','提交采购申请','PUT /api/pms/requisitions/2060658258326667265/submit','{\"arg0\":\"2060658258326667265\"}',200,'127.0.0.1','node',62,1,NULL,'2026-05-30 17:43:09'),(2060658662133207041,2059984036520636418,2059984037695041538,'admin@flexchain.local','登录认证','用户退出','POST /api/auth/logout',NULL,200,'127.0.0.1','Mozilla/5.0 (Windows NT 10.0; Win64; x64) AppleWebKit/537.36 (KHTML, like Gecko) Chrome/147.0.0.0 Safari/537.36',8,1,NULL,'2026-05-30 17:44:45'),(2060658672270839810,0,0,'SYSTEM','登录认证','用户登录','POST /api/auth/login','{\"arg0\":{\"username\":\"admin@flexchain.local\",\"password\":\"Admin123456\",\"tenantCode\":\"TC-20260528-7012\"},\"arg1\":\"[HttpServletRequest]\"}',200,'127.0.0.1','Mozilla/5.0 (Windows NT 10.0; Win64; x64) AppleWebKit/537.36 (KHTML, like Gecko) Chrome/147.0.0.0 Safari/537.36',171,1,NULL,'2026-05-30 17:44:47'),(2060658695167545346,2059984036520636418,2059984037695041538,'admin@flexchain.local','登录认证','用户退出','POST /api/auth/logout',NULL,200,'127.0.0.1','Mozilla/5.0 (Windows NT 10.0; Win64; x64) AppleWebKit/537.36 (KHTML, like Gecko) Chrome/147.0.0.0 Safari/537.36',4,1,NULL,'2026-05-30 17:44:53'),(2060658721289670657,0,0,'SYSTEM','登录认证','用户登录','POST /api/auth/login','{\"arg0\":{\"username\":\"warehouse@flexchain.local\",\"password\":\"Admin123456\",\"tenantCode\":\"TC-20260528-7012\"},\"arg1\":\"[HttpServletRequest]\"}',200,'127.0.0.1','Mozilla/5.0 (Windows NT 10.0; Win64; x64) AppleWebKit/537.36 (KHTML, like Gecko) Chrome/147.0.0.0 Safari/537.36',143,1,NULL,'2026-05-30 17:44:59'),(2060658756798648322,2059984036520636418,920000000000000402,'warehouse@flexchain.local','登录认证','用户退出','POST /api/auth/logout',NULL,200,'127.0.0.1','Mozilla/5.0 (Windows NT 10.0; Win64; x64) AppleWebKit/537.36 (KHTML, like Gecko) Chrome/147.0.0.0 Safari/537.36',5,1,NULL,'2026-05-30 17:45:07'),(2060658764230955009,0,0,'SYSTEM','登录认证','用户登录','POST /api/auth/login','{\"arg0\":{\"username\":\"admin@flexchain.local\",\"password\":\"Admin123456\",\"tenantCode\":\"TC-20260528-7012\"},\"arg1\":\"[HttpServletRequest]\"}',200,'127.0.0.1','Mozilla/5.0 (Windows NT 10.0; Win64; x64) AppleWebKit/537.36 (KHTML, like Gecko) Chrome/147.0.0.0 Safari/537.36',147,1,NULL,'2026-05-30 17:45:09'),(2060659065105158145,0,0,'SYSTEM','登录认证','用户登录','POST /api/auth/login','{\"arg0\":{\"username\":\"admin@flexchain.local\",\"password\":\"Admin123456\",\"tenantCode\":\"TC-20260528-7012\"},\"arg1\":\"[HttpServletRequest]\"}',200,'127.0.0.1','node',170,1,NULL,'2026-05-30 17:46:21'),(2060659065168072705,0,0,'SYSTEM','登录认证','用户登录','POST /api/auth/login','{\"arg0\":{\"username\":\"admin@flexchain.local\",\"password\":\"Admin123456\",\"tenantCode\":\"TC-20260528-7012\"},\"arg1\":\"[HttpServletRequest]\"}',200,'127.0.0.1','node',170,1,NULL,'2026-05-30 17:46:21'),(2060659066602524674,2059984036520636418,2059984037695041538,'admin@flexchain.local','供应商管理','审核通过供应商','PUT /api/srm/suppliers/930000000000200101/approve','{\"arg0\":\"930000000000200101\",\"arg1\":{\"auditRemark\":\"链路审计：供应商审核通过\"}}',200,'127.0.0.1','node',219,1,NULL,'2026-05-30 17:46:21'),(2060659067315556353,2059984036520636418,2059984037695041538,'admin@flexchain.local','采购申请','创建采购申请','POST /api/pms/requisitions','{\"arg0\":{\"reqSource\":null,\"title\":\"Codex SRM PMS WMS FMS Chain 101\",\"warehouseId\":\"910000000000000501\",\"expectDate\":\"2026-06-05\",\"totalAmount\":37.50,\"priority\":2,\"applyUserId\":\"2059984037695041538\",\"applyUserName\":\"租户管理员\",\"remark\":\"SRM-PMS-WMS-FMS chain audit\",\"items\":[{\"skuId\":\"910000000000000403\",\"skuCode\":\"SKU-PKG-110\",\"skuName\":\"抗压快递纸箱 40x30x28cm\",\"spec\":null,\"unit\":\"件\",\"quantity\":3,\"currentStock\":null,\"safetyStock\":null,\"inTransitQty\":null,\"refPrice\":null,\"unitPrice\":12.5,\"expectDate\":\"2026-06-05\",\"remark\":null}]}}',200,'127.0.0.1','node',85,1,NULL,'2026-05-30 17:46:21'),(2060659067508494338,2059984036520636418,2059984037695041538,'admin@flexchain.local','采购申请','提交采购申请','PUT /api/pms/requisitions/2060659067114307585/submit','{\"arg0\":\"2060659067114307585\"}',200,'127.0.0.1','node',44,1,NULL,'2026-05-30 17:46:22'),(2060659631520747522,0,0,'SYSTEM','登录认证','用户登录','POST /api/auth/login','{\"arg0\":{\"username\":\"admin@flexchain.local\",\"password\":\"Admin123456\",\"tenantCode\":\"TC-20260528-7012\"},\"arg1\":\"[HttpServletRequest]\"}',200,'127.0.0.1','node',153,1,NULL,'2026-05-30 17:48:36'),(2060659639276015618,0,0,'SYSTEM','登录认证','用户登录','POST /api/auth/login','{\"arg0\":{\"username\":\"admin@flexchain.local\",\"password\":\"Admin123456\",\"tenantCode\":\"TC-20260528-7012\"},\"arg1\":\"[HttpServletRequest]\"}',200,'127.0.0.1','node',156,1,NULL,'2026-05-30 17:48:38'),(2060659641289281538,2059984036520636418,2059984037695041538,'admin@flexchain.local','供应商管理','审核通过供应商','PUT /api/srm/suppliers/930000000000200101/approve','{\"arg0\":\"930000000000200101\",\"arg1\":{\"auditRemark\":\"链路审计：供应商审核通过\"}}',200,'127.0.0.1','node',361,1,NULL,'2026-05-30 17:48:38'),(2060659642031673345,2059984036520636418,2059984037695041538,'admin@flexchain.local','采购申请','创建采购申请','POST /api/pms/requisitions','{\"arg0\":{\"reqSource\":null,\"title\":\"Codex SRM PMS WMS FMS Chain 101\",\"warehouseId\":\"910000000000000501\",\"expectDate\":\"2026-06-05\",\"totalAmount\":37.50,\"priority\":2,\"applyUserId\":\"2059984037695041538\",\"applyUserName\":\"租户管理员\",\"remark\":\"SRM-PMS-WMS-FMS chain audit\",\"items\":[{\"skuId\":\"910000000000000403\",\"skuCode\":\"SKU-PKG-110\",\"skuName\":\"抗压快递纸箱 40x30x28cm\",\"spec\":null,\"unit\":\"件\",\"quantity\":3,\"currentStock\":null,\"safetyStock\":null,\"inTransitQty\":null,\"refPrice\":null,\"unitPrice\":12.5,\"expectDate\":\"2026-06-05\",\"remark\":null}]}}',200,'127.0.0.1','node',64,1,NULL,'2026-05-30 17:48:38'),(2060659643180912641,2059984036520636418,2059984037695041538,'admin@flexchain.local','采购申请','提交采购申请','PUT /api/pms/requisitions/2060659641796870145/submit','{\"arg0\":\"2060659641796870145\"}',200,'127.0.0.1','node',267,1,NULL,'2026-05-30 17:48:39'),(2060661534820405249,0,0,'SYSTEM','登录认证','用户登录','POST /api/auth/login','{\"arg0\":{\"username\":\"admin@flexchain.local\",\"password\":\"Admin123456\",\"tenantCode\":\"TC-20260528-7012\"},\"arg1\":\"[HttpServletRequest]\"}',200,'127.0.0.1','node',157,1,NULL,'2026-05-30 17:56:10'),(2060661534820405250,0,0,'SYSTEM','登录认证','用户登录','POST /api/auth/login','{\"arg0\":{\"username\":\"admin@flexchain.local\",\"password\":\"Admin123456\",\"tenantCode\":\"TC-20260528-7012\"},\"arg1\":\"[HttpServletRequest]\"}',200,'127.0.0.1','node',154,1,NULL,'2026-05-30 17:56:10'),(2060661535013343234,0,0,'SYSTEM','登录认证','用户登录','POST /api/auth/login','{\"arg0\":{\"username\":\"admin@flexchain.local\",\"password\":\"Admin123456\",\"tenantCode\":\"TC-20260528-7012\"},\"arg1\":\"[HttpServletRequest]\"}',200,'127.0.0.1','node',161,1,NULL,'2026-05-30 17:56:10'),(2060661536519098370,2059984036520636418,2059984037695041538,'admin@flexchain.local','供应商管理','审核通过供应商','PUT /api/srm/suppliers/930000000000200101/approve','{\"arg0\":\"930000000000200101\",\"arg1\":{\"auditRemark\":\"链路审计：供应商审核通过\"}}',200,'127.0.0.1','node',231,1,NULL,'2026-05-30 17:56:10'),(2060661537240518658,2059984036520636418,2059984037695041538,'admin@flexchain.local','采购申请','创建采购申请','POST /api/pms/requisitions','{\"arg0\":{\"reqSource\":null,\"title\":\"Codex SRM PMS WMS FMS Chain 101\",\"warehouseId\":\"910000000000000501\",\"expectDate\":\"2026-06-05\",\"totalAmount\":37.50,\"priority\":2,\"applyUserId\":\"2059984037695041538\",\"applyUserName\":\"租户管理员\",\"remark\":\"SRM-PMS-WMS-FMS chain audit\",\"items\":[{\"skuId\":\"910000000000000403\",\"skuCode\":\"SKU-PKG-110\",\"skuName\":\"抗压快递纸箱 40x30x28cm\",\"spec\":null,\"unit\":\"件\",\"quantity\":3,\"currentStock\":null,\"safetyStock\":null,\"inTransitQty\":null,\"refPrice\":null,\"unitPrice\":12.5,\"expectDate\":\"2026-06-05\",\"remark\":null}]}}',200,'127.0.0.1','node',92,1,NULL,'2026-05-30 17:56:10'),(2060661537697697793,2059984036520636418,2059984037695041538,'admin@flexchain.local','采购申请','提交采购申请','PUT /api/pms/requisitions/2060661537110573058/submit','{\"arg0\":\"2060661537110573058\"}',200,'127.0.0.1','node',56,1,NULL,'2026-05-30 17:56:10'),(2060661543905267714,0,0,'SYSTEM','登录认证','用户登录','POST /api/auth/login','{\"arg0\":{\"username\":\"warehouse@flexchain.local\",\"password\":\"Admin123456\",\"tenantCode\":\"TC-20260528-7012\"},\"arg1\":\"[HttpServletRequest]\"}',200,'127.0.0.1','node',149,1,NULL,'2026-05-30 17:56:12'),(2060661897195687938,0,0,'SYSTEM','登录认证','用户退出','POST /api/auth/logout',NULL,200,'127.0.0.1','Mozilla/5.0 (Windows NT 10.0; Win64; x64) AppleWebKit/537.36 (KHTML, like Gecko) Chrome/147.0.0.0 Safari/537.36',3,1,NULL,'2026-05-30 17:57:36'),(2060661901729730561,0,0,'SYSTEM','登录认证','用户登录','POST /api/auth/login','{\"arg0\":{\"username\":\"admin@flexchain.local\",\"password\":\"Admin123456\",\"tenantCode\":\"TC-20260528-7012\"},\"arg1\":\"[HttpServletRequest]\"}',200,'127.0.0.1','Mozilla/5.0 (Windows NT 10.0; Win64; x64) AppleWebKit/537.36 (KHTML, like Gecko) Chrome/147.0.0.0 Safari/537.36',146,1,NULL,'2026-05-30 17:57:37'),(2060661987599716353,0,0,'SYSTEM','登录认证','用户退出','POST /api/auth/logout',NULL,200,'127.0.0.1','Mozilla/5.0 (Windows NT 10.0; Win64; x64) AppleWebKit/537.36 (KHTML, like Gecko) Chrome/147.0.0.0 Safari/537.36',4,1,NULL,'2026-05-30 17:57:58'),(2060661994990080001,0,0,'SYSTEM','登录认证','用户登录','POST /api/auth/login','{\"arg0\":{\"username\":\"admin@flexchain.local\",\"password\":\"Admin123456\",\"tenantCode\":\"TC-20260528-7012\"},\"arg1\":\"[HttpServletRequest]\"}',200,'127.0.0.1','Mozilla/5.0 (Windows NT 10.0; Win64; x64) AppleWebKit/537.36 (KHTML, like Gecko) Chrome/147.0.0.0 Safari/537.36',145,1,NULL,'2026-05-30 17:58:00'),(2060662317427200001,0,0,'SYSTEM','登录认证','用户登录','POST /api/auth/login','{\"arg0\":{\"username\":\"admin@flexchain.local\",\"password\":\"Admin123456\",\"tenantCode\":\"TC-20260528-7012\"},\"arg1\":\"[HttpServletRequest]\"}',200,'127.0.0.1','Mozilla/5.0 (Windows NT 10.0; Win64; x64) AppleWebKit/537.36 (KHTML, like Gecko) Chrome/148.0.0.0 Safari/537.36',145,1,NULL,'2026-05-30 17:59:16'),(2060662383693008897,0,0,'SYSTEM','登录认证','用户登录','POST /api/auth/login','{\"arg0\":{\"username\":\"admin@flexchain.local\",\"password\":\"Admin123456\",\"tenantCode\":\"TC-20260528-7012\"},\"arg1\":\"[HttpServletRequest]\"}',200,'127.0.0.1','Mozilla/5.0 (Windows NT 10.0; Win64; x64) AppleWebKit/537.36 (KHTML, like Gecko) Chrome/148.0.0.0 Safari/537.36 Edg/148.0.0.0',144,1,NULL,'2026-05-30 17:59:32'),(2060662477934825473,2059984036520636418,2059984037695041538,'admin@flexchain.local','登录认证','用户退出','POST /api/auth/logout',NULL,200,'127.0.0.1','Mozilla/5.0 (Windows NT 10.0; Win64; x64) AppleWebKit/537.36 (KHTML, like Gecko) Chrome/148.0.0.0 Safari/537.36',4,1,NULL,'2026-05-30 17:59:55'),(2060662487430729730,0,0,'SYSTEM','登录认证','用户登录','POST /api/auth/login','{\"arg0\":{\"username\":\"admin@flexchain.local\",\"password\":\"Admin123456\",\"tenantCode\":\"TC-20260528-7012\"},\"arg1\":\"[HttpServletRequest]\"}',200,'127.0.0.1','Mozilla/5.0 (Windows NT 10.0; Win64; x64) AppleWebKit/537.36 (KHTML, like Gecko) Chrome/148.0.0.0 Safari/537.36',140,1,NULL,'2026-05-30 17:59:57'),(2060662803597365250,0,0,'SYSTEM','登录认证','用户退出','POST /api/auth/logout',NULL,200,'127.0.0.1','Mozilla/5.0 (Windows NT 10.0; Win64; x64) AppleWebKit/537.36 (KHTML, like Gecko) Chrome/148.0.0.0 Safari/537.36 Edg/148.0.0.0',3,1,NULL,'2026-05-30 18:01:12'),(2060662808722804738,0,0,'SYSTEM','登录认证','用户登录','POST /api/auth/login','{\"arg0\":{\"username\":\"admin@flexchain.local\",\"password\":\"Admin123456\",\"tenantCode\":\"TC-20260528-7012\"},\"arg1\":\"[HttpServletRequest]\"}',200,'127.0.0.1','Mozilla/5.0 (Windows NT 10.0; Win64; x64) AppleWebKit/537.36 (KHTML, like Gecko) Chrome/148.0.0.0 Safari/537.36 Edg/148.0.0.0',162,1,NULL,'2026-05-30 18:01:14'),(2060664670947643393,0,0,'SYSTEM','登录认证','用户登录','POST /api/auth/login','{\"arg0\":{\"username\":\"admin@flexchain.local\",\"password\":\"Admin123456\",\"tenantCode\":\"TC-20260528-7012\"},\"arg1\":\"[HttpServletRequest]\"}',200,'127.0.0.1','Mozilla/5.0 (Windows NT 10.0; Win64; x64) AppleWebKit/537.36 (KHTML, like Gecko) Chrome/148.0.0.0 Safari/537.36 Edg/148.0.0.0',162,1,NULL,'2026-05-30 18:08:38'),(2060665022723919873,2059984036520636418,2059984037695041538,'admin@flexchain.local','登录认证','用户退出','POST /api/auth/logout',NULL,200,'127.0.0.1','Mozilla/5.0 (Windows NT 10.0; Win64; x64) AppleWebKit/537.36 (KHTML, like Gecko) Chrome/148.0.0.0 Safari/537.36',5,1,NULL,'2026-05-30 18:10:01'),(2060665054684516354,0,0,'SYSTEM','登录认证','用户登录','POST /api/auth/login','{\"arg0\":{\"username\":\"admin@flexchain.local\",\"password\":\"Admin123456\",\"tenantCode\":\"TC-20260528-7012\"},\"arg1\":\"[HttpServletRequest]\"}',200,'127.0.0.1','Mozilla/5.0 (Windows NT 10.0; Win64; x64) AppleWebKit/537.36 (KHTML, like Gecko) Chrome/148.0.0.0 Safari/537.36',145,1,NULL,'2026-05-30 18:10:09'),(2060665277230092290,0,0,'SYSTEM','登录认证','用户退出','POST /api/auth/logout',NULL,200,'127.0.0.1','Mozilla/5.0 (Windows NT 10.0; Win64; x64) AppleWebKit/537.36 (KHTML, like Gecko) Chrome/148.0.0.0 Safari/537.36',1,1,NULL,'2026-05-30 18:11:02'),(2060665282720436226,0,0,'SYSTEM','登录认证','用户登录','POST /api/auth/login','{\"arg0\":{\"username\":\"admin@flexchain.local\",\"password\":\"Admin123456\",\"tenantCode\":\"TC-20260528-7012\"},\"arg1\":\"[HttpServletRequest]\"}',200,'127.0.0.1','Mozilla/5.0 (Windows NT 10.0; Win64; x64) AppleWebKit/537.36 (KHTML, like Gecko) Chrome/148.0.0.0 Safari/537.36',145,1,NULL,'2026-05-30 18:11:03'),(2060665336227172353,2059984036520636418,2059984037695041538,'admin@flexchain.local','BI智能补货','补货建议转采购申请','POST /api/bi/reorder/to-purchase','{\"arg0\":{\"skuId\":\"910000000000000401\",\"skuCode\":\"SKU-US-AX901\",\"forecastDailySales\":1.4,\"suggestQty\":31,\"urgency\":\"NORMAL\"}}',200,'127.0.0.1','Mozilla/5.0 (Windows NT 10.0; Win64; x64) AppleWebKit/537.36 (KHTML, like Gecko) Chrome/148.0.0.0 Safari/537.36',189,1,NULL,'2026-05-30 18:11:16'),(2060665475582922753,2059984036520636418,2059984037695041538,'admin@flexchain.local','采购申请','提交采购申请','PUT /api/pms/requisitions/2060665335900094465/submit','{\"arg0\":\"2060665335900094465\"}',200,'127.0.0.1','Mozilla/5.0 (Windows NT 10.0; Win64; x64) AppleWebKit/537.36 (KHTML, like Gecko) Chrome/148.0.0.0 Safari/537.36',78,1,NULL,'2026-05-30 18:11:49'),(2060666835401445378,0,0,'SYSTEM','登录认证','用户登录','POST /api/auth/login','{\"arg0\":{\"username\":\"admin@flexchain.local\",\"password\":\"Admin123456\",\"tenantCode\":\"TC-20260528-7012\"},\"arg1\":\"[HttpServletRequest]\"}',200,'127.0.0.1','node',170,1,NULL,'2026-05-30 18:17:14'),(2060666836185780226,0,0,'SYSTEM','登录认证','用户登录','POST /api/auth/login','{\"arg0\":{\"username\":\"admin@flexchain.local\",\"password\":\"Admin123456\",\"tenantCode\":\"TC-20260528-7012\"},\"arg1\":\"[HttpServletRequest]\"}',200,'127.0.0.1','node',164,1,NULL,'2026-05-30 18:17:14'),(2060666836252889090,0,0,'SYSTEM','登录认证','用户登录','POST /api/auth/login','{\"arg0\":{\"username\":\"admin@flexchain.local\",\"password\":\"Admin123456\",\"tenantCode\":\"TC-20260528-7012\"},\"arg1\":\"[HttpServletRequest]\"}',200,'127.0.0.1','node',163,1,NULL,'2026-05-30 18:17:14'),(2060666838912077826,2059984036520636418,2059984037695041538,'admin@flexchain.local','供应商管理','审核通过供应商','PUT /api/srm/suppliers/930000000000200101/approve','{\"arg0\":\"930000000000200101\",\"arg1\":{\"auditRemark\":\"链路审计：供应商审核通过\"}}',200,'127.0.0.1','node',367,1,NULL,'2026-05-30 18:17:14'),(2060666839620915202,2059984036520636418,2059984037695041538,'admin@flexchain.local','采购申请','创建采购申请','POST /api/pms/requisitions','{\"arg0\":{\"reqSource\":null,\"title\":\"Codex SRM PMS WMS FMS Chain 101\",\"warehouseId\":\"910000000000000501\",\"expectDate\":\"2026-06-05\",\"totalAmount\":37.50,\"priority\":2,\"applyUserId\":\"2059984037695041538\",\"applyUserName\":\"租户管理员\",\"remark\":\"SRM-PMS-WMS-FMS chain audit\",\"items\":[{\"skuId\":\"910000000000000403\",\"skuCode\":\"SKU-PKG-110\",\"skuName\":\"抗压快递纸箱 40x30x28cm\",\"spec\":null,\"unit\":\"件\",\"quantity\":3,\"currentStock\":null,\"safetyStock\":null,\"inTransitQty\":null,\"refPrice\":null,\"unitPrice\":12.5,\"expectDate\":\"2026-06-05\",\"remark\":null}]}}',200,'127.0.0.1','node',61,1,NULL,'2026-05-30 18:17:15'),(2060666839952265217,2059984036520636418,2059984037695041538,'admin@flexchain.local','采购申请','提交采购申请','PUT /api/pms/requisitions/2060666839558078466/submit','{\"arg0\":\"2060666839558078466\"}',200,'127.0.0.1','node',66,1,NULL,'2026-05-30 18:17:15'),(2060666843412566018,0,0,'SYSTEM','登录认证','用户登录','POST /api/auth/login','{\"arg0\":{\"username\":\"warehouse@flexchain.local\",\"password\":\"Admin123456\",\"tenantCode\":\"TC-20260528-7012\"},\"arg1\":\"[HttpServletRequest]\"}',200,'127.0.0.1','node',179,1,NULL,'2026-05-30 18:17:15'),(2060666843928465409,0,0,'SYSTEM','登录认证','用户登录','POST /api/auth/login','{\"arg0\":{\"username\":\"admin@flexchain.local\",\"password\":\"Admin123456\",\"tenantCode\":\"TC-20260528-7012\"},\"arg1\":\"[HttpServletRequest]\"}',200,'127.0.0.1','Mozilla/5.0 (Windows NT 10.0; WOW64) AppleWebKit/537.36 (KHTML, like Gecko) Chrome/94.0.4606.71 Safari/537.36 Core/1.94.178.400 QQBrowser/11.2.5170.400',207,1,NULL,'2026-05-30 18:17:16'),(2060667994950340610,0,0,'SYSTEM','登录认证','用户登录','POST /api/auth/login','{\"arg0\":{\"username\":\"admin@flexchain.local\",\"password\":\"Admin123456\",\"tenantCode\":\"TC-20260528-7012\"},\"arg1\":\"[HttpServletRequest]\"}',200,'127.0.0.1','node',168,1,NULL,'2026-05-30 18:21:50'),(2060667995013255169,0,0,'SYSTEM','登录认证','用户登录','POST /api/auth/login','{\"arg0\":{\"username\":\"admin@flexchain.local\",\"password\":\"Admin123456\",\"tenantCode\":\"TC-20260528-7012\"},\"arg1\":\"[HttpServletRequest]\"}',200,'127.0.0.1','node',164,1,NULL,'2026-05-30 18:21:50'),(2060667995340410881,0,0,'SYSTEM','登录认证','用户登录','POST /api/auth/login','{\"arg0\":{\"username\":\"admin@flexchain.local\",\"password\":\"Admin123456\",\"tenantCode\":\"TC-20260528-7012\"},\"arg1\":\"[HttpServletRequest]\"}',200,'127.0.0.1','node',188,1,NULL,'2026-05-30 18:21:50'),(2060667996892303362,2059984036520636418,2059984037695041538,'admin@flexchain.local','供应商管理','审核通过供应商','PUT /api/srm/suppliers/930000000000200101/approve','{\"arg0\":\"930000000000200101\",\"arg1\":{\"auditRemark\":\"链路审计：供应商审核通过\"}}',200,'127.0.0.1','node',207,1,NULL,'2026-05-30 18:21:50'),(2060667997538226178,2059984036520636418,2059984037695041538,'admin@flexchain.local','采购申请','创建采购申请','POST /api/pms/requisitions','{\"arg0\":{\"reqSource\":null,\"title\":\"Codex SRM PMS WMS FMS Chain 101\",\"warehouseId\":\"910000000000000501\",\"expectDate\":\"2026-06-05\",\"totalAmount\":37.50,\"priority\":2,\"applyUserId\":\"2059984037695041538\",\"applyUserName\":\"租户管理员\",\"remark\":\"SRM-PMS-WMS-FMS chain audit\",\"items\":[{\"skuId\":\"910000000000000403\",\"skuCode\":\"SKU-PKG-110\",\"skuName\":\"抗压快递纸箱 40x30x28cm\",\"spec\":null,\"unit\":\"件\",\"quantity\":3,\"currentStock\":null,\"safetyStock\":null,\"inTransitQty\":null,\"refPrice\":null,\"unitPrice\":12.5,\"expectDate\":\"2026-06-05\",\"remark\":null}]}}',200,'127.0.0.1','node',63,1,NULL,'2026-05-30 18:21:51'),(2060667997940879362,2059984036520636418,2059984037695041538,'admin@flexchain.local','采购申请','提交采购申请','PUT /api/pms/requisitions/2060667997471195138/submit','{\"arg0\":\"2060667997471195138\"}',200,'127.0.0.1','node',67,1,NULL,'2026-05-30 18:21:51'),(2060668004559491074,0,0,'SYSTEM','登录认证','用户登录','POST /api/auth/login','{\"arg0\":{\"username\":\"warehouse@flexchain.local\",\"password\":\"Admin123456\",\"tenantCode\":\"TC-20260528-7012\"},\"arg1\":\"[HttpServletRequest]\"}',200,'127.0.0.1','node',165,1,NULL,'2026-05-30 18:21:52'),(2060668958063202306,0,0,'SYSTEM','登录认证','用户退出','POST /api/auth/logout',NULL,200,'127.0.0.1','Mozilla/5.0 (Windows NT 10.0; Win64; x64) AppleWebKit/537.36 (KHTML, like Gecko) Chrome/147.0.0.0 Safari/537.36',3,1,NULL,'2026-05-30 18:25:40'),(2060668962454638594,0,0,'SYSTEM','登录认证','用户登录','POST /api/auth/login','{\"arg0\":{\"username\":\"admin@flexchain.local\",\"password\":\"Admin123456\",\"tenantCode\":\"TC-20260528-7012\"},\"arg1\":\"[HttpServletRequest]\"}',200,'127.0.0.1','Mozilla/5.0 (Windows NT 10.0; Win64; x64) AppleWebKit/537.36 (KHTML, like Gecko) Chrome/147.0.0.0 Safari/537.36',175,1,NULL,'2026-05-30 18:25:41'),(2060671058121854978,0,0,'SYSTEM','登录认证','用户登录','POST /api/auth/login','{\"arg0\":{\"username\":\"admin@flexchain.local\",\"password\":\"Admin123456\",\"tenantCode\":\"TC-20260528-7012\"},\"arg1\":\"[HttpServletRequest]\"}',200,'127.0.0.1','node',197,1,NULL,'2026-05-30 18:34:00'),(2060671058188963842,0,0,'SYSTEM','登录认证','用户登录','POST /api/auth/login','{\"arg0\":{\"username\":\"admin@flexchain.local\",\"password\":\"Admin123456\",\"tenantCode\":\"TC-20260528-7012\"},\"arg1\":\"[HttpServletRequest]\"}',200,'127.0.0.1','node',197,1,NULL,'2026-05-30 18:34:00'),(2060671058251878401,0,0,'SYSTEM','登录认证','用户登录','POST /api/auth/login','{\"arg0\":{\"username\":\"admin@flexchain.local\",\"password\":\"Admin123456\",\"tenantCode\":\"TC-20260528-7012\"},\"arg1\":\"[HttpServletRequest]\"}',200,'127.0.0.1','node',201,1,NULL,'2026-05-30 18:34:00'),(2060671059489198081,2059984036520636418,2059984037695041538,'admin@flexchain.local','供应商管理','审核通过供应商','PUT /api/srm/suppliers/930000000000200101/approve','{\"arg0\":\"930000000000200101\",\"arg1\":{\"auditRemark\":\"链路审计：供应商审核通过\"}}',200,'127.0.0.1','node',189,1,NULL,'2026-05-30 18:34:01'),(2060671060084789249,2059984036520636418,2059984037695041538,'admin@flexchain.local','采购申请','创建采购申请','POST /api/pms/requisitions','{\"arg0\":{\"reqSource\":null,\"title\":\"Codex SRM PMS WMS FMS Chain 101\",\"warehouseId\":\"910000000000000501\",\"expectDate\":\"2026-06-05\",\"totalAmount\":37.50,\"priority\":2,\"applyUserId\":\"2059984037695041538\",\"applyUserName\":\"租户管理员\",\"remark\":\"SRM-PMS-WMS-FMS chain audit\",\"items\":[{\"skuId\":\"910000000000000403\",\"skuCode\":\"SKU-PKG-110\",\"skuName\":\"抗压快递纸箱 40x30x28cm\",\"spec\":null,\"unit\":\"件\",\"quantity\":3,\"currentStock\":null,\"safetyStock\":null,\"inTransitQty\":null,\"refPrice\":null,\"unitPrice\":12.5,\"expectDate\":\"2026-06-05\",\"remark\":null}]}}',200,'127.0.0.1','node',63,1,NULL,'2026-05-30 18:34:01'),(2060671060277727234,2059984036520636418,2059984037695041538,'admin@flexchain.local','采购申请','提交采购申请','PUT /api/pms/requisitions/2060671060017758210/submit','{\"arg0\":\"2060671060017758210\"}',200,'127.0.0.1','node',45,1,NULL,'2026-05-30 18:34:01'),(2060671065600299009,0,0,'SYSTEM','登录认证','用户登录','POST /api/auth/login','{\"arg0\":{\"username\":\"warehouse@flexchain.local\",\"password\":\"Admin123456\",\"tenantCode\":\"TC-20260528-7012\"},\"arg1\":\"[HttpServletRequest]\"}',200,'127.0.0.1','node',145,1,NULL,'2026-05-30 18:34:02'),(2060671482748997634,0,0,'SYSTEM','登录认证','用户登录','POST /api/auth/login','{\"arg0\":{\"username\":\"admin@flexchain.local\",\"password\":\"Admin123456\",\"tenantCode\":\"TC-20260528-7012\"},\"arg1\":\"[HttpServletRequest]\"}',200,'127.0.0.1','Mozilla/5.0 (Windows NT 10.0; Win64; x64) AppleWebKit/537.36 (KHTML, like Gecko) Chrome/148.0.0.0 Safari/537.36',160,1,NULL,'2026-05-30 18:35:42'),(2060674599104286721,0,0,'SYSTEM','登录认证','用户登录','POST /api/auth/login','{\"arg0\":{\"username\":\"admin@flexchain.local\",\"password\":\"Admin123456\",\"tenantCode\":\"TC-20260528-7012\"},\"arg1\":\"[HttpServletRequest]\"}',200,'127.0.0.1','node',208,1,NULL,'2026-05-30 18:48:05'),(2060674599230115842,0,0,'SYSTEM','登录认证','用户登录','POST /api/auth/login','{\"arg0\":{\"username\":\"admin@flexchain.local\",\"password\":\"Admin123456\",\"tenantCode\":\"TC-20260528-7012\"},\"arg1\":\"[HttpServletRequest]\"}',200,'127.0.0.1','node',209,1,NULL,'2026-05-30 18:48:05'),(2060674599230115843,0,0,'SYSTEM','登录认证','用户登录','POST /api/auth/login','{\"arg0\":{\"username\":\"admin@flexchain.local\",\"password\":\"Admin123456\",\"tenantCode\":\"TC-20260528-7012\"},\"arg1\":\"[HttpServletRequest]\"}',200,'127.0.0.1','node',209,1,NULL,'2026-05-30 18:48:05'),(2060674601914470401,2059984036520636418,2059984037695041538,'admin@flexchain.local','供应商管理','审核通过供应商','PUT /api/srm/suppliers/930000000000200101/approve','{\"arg0\":\"930000000000200101\",\"arg1\":{\"auditRemark\":\"链路审计：供应商审核通过\"}}',200,'127.0.0.1','node',376,1,NULL,'2026-05-30 18:48:05'),(2060674603478945793,2059984036520636418,2059984037695041538,'admin@flexchain.local','采购申请','创建采购申请','POST /api/pms/requisitions','{\"arg0\":{\"reqSource\":null,\"title\":\"Codex SRM PMS WMS FMS Chain 101\",\"warehouseId\":\"910000000000000501\",\"expectDate\":\"2026-06-05\",\"totalAmount\":37.50,\"priority\":2,\"applyUserId\":\"2059984037695041538\",\"applyUserName\":\"租户管理员\",\"remark\":\"SRM-PMS-WMS-FMS chain audit\",\"items\":[{\"skuId\":\"910000000000000403\",\"skuCode\":\"SKU-PKG-110\",\"skuName\":\"抗压快递纸箱 40x30x28cm\",\"spec\":null,\"unit\":\"件\",\"quantity\":3,\"currentStock\":null,\"safetyStock\":null,\"inTransitQty\":null,\"refPrice\":null,\"unitPrice\":12.5,\"expectDate\":\"2026-06-05\",\"remark\":null}]}}',200,'127.0.0.1','node',234,1,NULL,'2026-05-30 18:48:06'),(2060674603738992641,2059984036520636418,2059984037695041538,'admin@flexchain.local','采购申请','提交采购申请','PUT /api/pms/requisitions/2060674603349000194/submit','{\"arg0\":\"2060674603349000194\"}',200,'127.0.0.1','node',52,1,NULL,'2026-05-30 18:48:06'),(2060674609418080258,0,0,'SYSTEM','登录认证','用户登录','POST /api/auth/login','{\"arg0\":{\"username\":\"warehouse@flexchain.local\",\"password\":\"Admin123456\",\"tenantCode\":\"TC-20260528-7012\"},\"arg1\":\"[HttpServletRequest]\"}',200,'127.0.0.1','node',148,1,NULL,'2026-05-30 18:48:07'),(2060675048565903362,2059984036520636418,2059984037695041538,'admin@flexchain.local','登录认证','用户退出','POST /api/auth/logout',NULL,200,'127.0.0.1','Mozilla/5.0 (Windows NT 10.0; Win64; x64) AppleWebKit/537.36 (KHTML, like Gecko) Chrome/147.0.0.0 Safari/537.36',5,1,NULL,'2026-05-30 18:49:52'),(2060675053146083329,0,0,'SYSTEM','登录认证','用户登录','POST /api/auth/login','{\"arg0\":{\"username\":\"admin@flexchain.local\",\"password\":\"Admin123456\",\"tenantCode\":\"TC-20260528-7012\"},\"arg1\":\"[HttpServletRequest]\"}',200,'127.0.0.1','Mozilla/5.0 (Windows NT 10.0; Win64; x64) AppleWebKit/537.36 (KHTML, like Gecko) Chrome/147.0.0.0 Safari/537.36',151,1,NULL,'2026-05-30 18:49:53'),(2060679446436253698,0,0,'SYSTEM','登录认证','用户登录','POST /api/auth/login','{\"arg0\":{\"username\":\"admin@flexchain.local\",\"password\":\"Admin123456\",\"tenantCode\":\"TC-20260528-7012\"},\"arg1\":\"[HttpServletRequest]\"}',200,'127.0.0.1','Mozilla/5.0 (Windows NT 10.0; Win64; x64) AppleWebKit/537.36 (KHTML, like Gecko) Chrome/148.0.0.0 Safari/537.36 Edg/148.0.0.0',341,1,NULL,'2026-05-30 19:07:20'),(2060679940651094017,0,0,'SYSTEM','登录认证','用户登录','POST /api/auth/login','{\"arg0\":{\"username\":\"admin@flexchain.local\",\"password\":\"Admin123456\",\"tenantCode\":\"TC-20260528-7012\"},\"arg1\":\"[HttpServletRequest]\"}',200,'127.0.0.1','Mozilla/5.0 (Windows NT 10.0; Win64; x64) AppleWebKit/537.36 (KHTML, like Gecko) Chrome/148.0.0.0 Safari/537.36',177,1,NULL,'2026-05-30 19:09:18'),(2060687802433540097,0,0,'SYSTEM','登录认证','用户登录','POST /api/auth/login','{\"arg0\":{\"username\":\"admin@flexchain.local\",\"password\":\"Admin123456\",\"tenantCode\":\"TC-20260528-7012\"},\"arg1\":\"[HttpServletRequest]\"}',200,'127.0.0.1','Mozilla/5.0 (Windows NT 10.0; Win64; x64) AppleWebKit/537.36 (KHTML, like Gecko) Chrome/148.0.0.0 Safari/537.36',528,1,NULL,'2026-05-30 19:40:32'),(2060688128259657730,2059984036520636418,2059984037695041538,'admin@flexchain.local','登录认证','用户登录','POST /api/auth/login','{\"arg0\":{\"username\":\"admin@flexchain.local\",\"password\":\"Admin123456\",\"tenantCode\":\"TC-20260528-7012\"},\"arg1\":\"[HttpServletRequest]\"}',200,'127.0.0.1','Mozilla/5.0 (Windows NT 10.0; Win64; x64) AppleWebKit/537.36 (KHTML, like Gecko) Chrome/148.0.0.0 Safari/537.36',142,1,NULL,'2026-05-30 19:41:50'),(2060688566107246593,2059984036520636418,2059984037695041538,'admin@flexchain.local','登录认证','用户退出','POST /api/auth/logout',NULL,200,'127.0.0.1','Mozilla/5.0 (Windows NT 10.0; Win64; x64) AppleWebKit/537.36 (KHTML, like Gecko) Chrome/147.0.0.0 Safari/537.36',7,1,NULL,'2026-05-30 19:43:35'),(2060688570758729729,0,0,'SYSTEM','登录认证','用户登录','POST /api/auth/login','{\"arg0\":{\"username\":\"admin@flexchain.local\",\"password\":\"Admin123456\",\"tenantCode\":\"TC-20260528-7012\"},\"arg1\":\"[HttpServletRequest]\"}',200,'127.0.0.1','Mozilla/5.0 (Windows NT 10.0; Win64; x64) AppleWebKit/537.36 (KHTML, like Gecko) Chrome/147.0.0.0 Safari/537.36',142,1,NULL,'2026-05-30 19:43:36'),(2060692088152395778,0,0,'SYSTEM','登录认证','用户退出','POST /api/auth/logout',NULL,200,'127.0.0.1','Mozilla/5.0 (Windows NT 10.0; Win64; x64) AppleWebKit/537.36 (KHTML, like Gecko) Chrome/148.0.0.0 Safari/537.36',35,1,NULL,'2026-05-30 19:57:34'),(2060692096499060738,0,0,'SYSTEM','登录认证','用户登录','POST /api/auth/login','{\"arg0\":{\"username\":\"admin@flexchain.local\",\"password\":\"Admin123456\",\"tenantCode\":\"TC-20260528-7012\"},\"arg1\":\"[HttpServletRequest]\"}',200,'127.0.0.1','Mozilla/5.0 (Windows NT 10.0; Win64; x64) AppleWebKit/537.36 (KHTML, like Gecko) Chrome/148.0.0.0 Safari/537.36',268,1,NULL,'2026-05-30 19:57:36'),(2060695026262347777,0,0,'SYSTEM','登录认证','用户退出','POST /api/auth/logout',NULL,200,'127.0.0.1','Mozilla/5.0 (Windows NT 10.0; Win64; x64) AppleWebKit/537.36 (KHTML, like Gecko) Chrome/148.0.0.0 Safari/537.36',4,1,NULL,'2026-05-30 20:09:15'),(2060695026530783233,0,0,'SYSTEM','登录认证','用户登录','POST /api/auth/login','{\"arg0\":{\"username\":\"admin@flexchain.local\",\"password\":\"Admin123456\",\"tenantCode\":\"TC-20260528-7012\"},\"arg1\":\"[HttpServletRequest]\"}',200,'127.0.0.1','node',232,1,NULL,'2026-05-30 20:09:15'),(2060695026648223746,0,0,'SYSTEM','登录认证','用户登录','POST /api/auth/login','{\"arg0\":{\"username\":\"admin@flexchain.local\",\"password\":\"Admin123456\",\"tenantCode\":\"TC-20260528-7012\"},\"arg1\":\"[HttpServletRequest]\"}',200,'127.0.0.1','node',232,1,NULL,'2026-05-30 20:09:15'),(2060695026648223747,0,0,'SYSTEM','登录认证','用户登录','POST /api/auth/login','{\"arg0\":{\"username\":\"admin@flexchain.local\",\"password\":\"Admin123456\",\"tenantCode\":\"TC-20260528-7012\"},\"arg1\":\"[HttpServletRequest]\"}',200,'127.0.0.1','node',234,1,NULL,'2026-05-30 20:09:15'),(2060695030259519490,2059984036520636418,2059984037695041538,'admin@flexchain.local','供应商管理','审核通过供应商','PUT /api/srm/suppliers/930000000000200101/approve','{\"arg0\":\"930000000000200101\",\"arg1\":{\"auditRemark\":\"链路审计：供应商审核通过\"}}',200,'127.0.0.1','node',484,1,NULL,'2026-05-30 20:09:16'),(2060695032578969601,2059984036520636418,2059984037695041538,'admin@flexchain.local','采购申请','创建采购申请','POST /api/pms/requisitions','{\"arg0\":{\"reqSource\":null,\"title\":\"Codex SRM PMS WMS FMS Chain 101\",\"warehouseId\":\"910000000000000501\",\"expectDate\":\"2026-06-05\",\"totalAmount\":37.50,\"priority\":2,\"applyUserId\":\"2059984037695041538\",\"applyUserName\":\"租户管理员\",\"remark\":\"SRM-PMS-WMS-FMS chain audit\",\"items\":[{\"skuId\":\"910000000000000403\",\"skuCode\":\"SKU-PKG-110\",\"skuName\":\"抗压快递纸箱 40x30x28cm\",\"spec\":null,\"unit\":\"件\",\"quantity\":3,\"currentStock\":null,\"safetyStock\":null,\"inTransitQty\":null,\"refPrice\":null,\"unitPrice\":12.5,\"expectDate\":\"2026-06-05\",\"remark\":null}]}}',200,'127.0.0.1','node',359,1,NULL,'2026-05-30 20:09:16'),(2060695032834822145,2059984036520636418,2059984037695041538,'admin@flexchain.local','采购申请','提交采购申请','PUT /api/pms/requisitions/2060695032251891713/submit','{\"arg0\":\"2060695032251891713\"}',200,'127.0.0.1','node',54,1,NULL,'2026-05-30 20:09:16'),(2060695037075263490,0,0,'SYSTEM','登录认证','用户登录','POST /api/auth/login','{\"arg0\":{\"username\":\"admin@flexchain.local\",\"password\":\"Admin123456\",\"tenantCode\":\"TC-20260528-7012\"},\"arg1\":\"[HttpServletRequest]\"}',200,'127.0.0.1','Mozilla/5.0 (Windows NT 10.0; Win64; x64) AppleWebKit/537.36 (KHTML, like Gecko) Chrome/148.0.0.0 Safari/537.36',151,1,NULL,'2026-05-30 20:09:17'),(2060695038501326849,0,0,'SYSTEM','登录认证','用户登录','POST /api/auth/login','{\"arg0\":{\"username\":\"warehouse@flexchain.local\",\"password\":\"Admin123456\",\"tenantCode\":\"TC-20260528-7012\"},\"arg1\":\"[HttpServletRequest]\"}',200,'127.0.0.1','node',209,1,NULL,'2026-05-30 20:09:18'),(2060696223585144834,0,0,'SYSTEM','登录认证','用户登录','POST /api/auth/login','{\"arg0\":{\"username\":\"admin@flexchain.local\",\"password\":\"Admin123456\",\"tenantCode\":\"TC-20260528-7012\"},\"arg1\":\"[HttpServletRequest]\"}',200,'127.0.0.1','node',157,1,NULL,'2026-05-30 20:14:00'),(2060696231420104706,0,0,'SYSTEM','登录认证','用户登录','POST /api/auth/login','{\"arg0\":{\"username\":\"warehouse@flexchain.local\",\"password\":\"Admin123456\",\"tenantCode\":\"TC-20260528-7012\"},\"arg1\":\"[HttpServletRequest]\"}',200,'127.0.0.1','node',158,1,NULL,'2026-05-30 20:14:02'),(2060696282116657154,0,0,'SYSTEM','登录认证','用户登录','POST /api/auth/login','{\"arg0\":{\"username\":\"admin@flexchain.local\",\"password\":\"Admin123456\",\"tenantCode\":\"TC-20260528-7012\"},\"arg1\":\"[HttpServletRequest]\"}',200,'127.0.0.1','node',149,1,NULL,'2026-05-30 20:14:14'),(2060696290975027201,0,0,'SYSTEM','登录认证','用户登录','POST /api/auth/login','{\"arg0\":{\"username\":\"admin@flexchain.local\",\"password\":\"Admin123456\",\"tenantCode\":\"TC-20260528-7012\"},\"arg1\":\"[HttpServletRequest]\"}',200,'127.0.0.1','node',143,1,NULL,'2026-05-30 20:14:16'),(2060696292656943105,2059984036520636418,2059984037695041538,'admin@flexchain.local','供应商管理','审核通过供应商','PUT /api/srm/suppliers/930000000000200101/approve','{\"arg0\":\"930000000000200101\",\"arg1\":{\"auditRemark\":\"链路审计：供应商审核通过\"}}',200,'127.0.0.1','node',268,1,NULL,'2026-05-30 20:14:17'),(2060696293181231105,2059984036520636418,2059984037695041538,'admin@flexchain.local','采购申请','创建采购申请','POST /api/pms/requisitions','{\"arg0\":{\"reqSource\":null,\"title\":\"Codex SRM PMS WMS FMS Chain 101\",\"warehouseId\":\"910000000000000501\",\"expectDate\":\"2026-06-05\",\"totalAmount\":37.50,\"priority\":2,\"applyUserId\":\"2059984037695041538\",\"applyUserName\":\"租户管理员\",\"remark\":\"SRM-PMS-WMS-FMS chain audit\",\"items\":[{\"skuId\":\"910000000000000403\",\"skuCode\":\"SKU-PKG-110\",\"skuName\":\"抗压快递纸箱 40x30x28cm\",\"spec\":null,\"unit\":\"件\",\"quantity\":3,\"currentStock\":null,\"safetyStock\":null,\"inTransitQty\":null,\"refPrice\":null,\"unitPrice\":12.5,\"expectDate\":\"2026-06-05\",\"remark\":null}]}}',200,'127.0.0.1','node',55,1,NULL,'2026-05-30 20:14:17'),(2060696293441277954,2059984036520636418,2059984037695041538,'admin@flexchain.local','采购申请','提交采购申请','PUT /api/pms/requisitions/2060696293118394369/submit','{\"arg0\":\"2060696293118394369\"}',200,'127.0.0.1','node',42,1,NULL,'2026-05-30 20:14:17'),(2060696560714911745,0,0,'SYSTEM','登录认证','用户登录','POST /api/auth/login','{\"arg0\":{\"username\":\"admin@flexchain.local\",\"password\":\"Admin123456\",\"tenantCode\":\"TC-20260528-7012\"},\"arg1\":\"[HttpServletRequest]\"}',200,'127.0.0.1','node',157,1,NULL,'2026-05-30 20:15:21'),(2060696567492907010,0,0,'SYSTEM','登录认证','用户登录','POST /api/auth/login','{\"arg0\":{\"username\":\"warehouse@flexchain.local\",\"password\":\"Admin123456\",\"tenantCode\":\"TC-20260528-7012\"},\"arg1\":\"[HttpServletRequest]\"}',200,'127.0.0.1','node',153,1,NULL,'2026-05-30 20:15:22'),(2060696633200873474,0,0,'SYSTEM','登录认证','用户登录','POST /api/auth/login','{\"arg0\":{\"username\":\"admin@flexchain.local\",\"password\":\"Admin123456\",\"tenantCode\":\"TC-20260528-7012\"},\"arg1\":\"[HttpServletRequest]\"}',200,'127.0.0.1','node',163,1,NULL,'2026-05-30 20:15:38'),(2060696633200873475,0,0,'SYSTEM','登录认证','用户登录','POST /api/auth/login','{\"arg0\":{\"username\":\"admin@flexchain.local\",\"password\":\"Admin123456\",\"tenantCode\":\"TC-20260528-7012\"},\"arg1\":\"[HttpServletRequest]\"}',200,'127.0.0.1','node',164,1,NULL,'2026-05-30 20:15:38'),(2060696634438193153,2059984036520636418,2059984037695041538,'admin@flexchain.local','供应商管理','审核通过供应商','PUT /api/srm/suppliers/930000000000200101/approve','{\"arg0\":\"930000000000200101\",\"arg1\":{\"auditRemark\":\"链路审计：供应商审核通过\"}}',200,'127.0.0.1','node',175,1,NULL,'2026-05-30 20:15:38'),(2060696635407077377,2059984036520636418,2059984037695041538,'admin@flexchain.local','采购申请','创建采购申请','POST /api/pms/requisitions','{\"arg0\":{\"reqSource\":null,\"title\":\"Codex SRM PMS WMS FMS Chain 101\",\"warehouseId\":\"910000000000000501\",\"expectDate\":\"2026-06-05\",\"totalAmount\":37.50,\"priority\":2,\"applyUserId\":\"2059984037695041538\",\"applyUserName\":\"租户管理员\",\"remark\":\"SRM-PMS-WMS-FMS chain audit\",\"items\":[{\"skuId\":\"910000000000000403\",\"skuCode\":\"SKU-PKG-110\",\"skuName\":\"抗压快递纸箱 40x30x28cm\",\"spec\":null,\"unit\":\"件\",\"quantity\":3,\"currentStock\":null,\"safetyStock\":null,\"inTransitQty\":null,\"refPrice\":null,\"unitPrice\":12.5,\"expectDate\":\"2026-06-05\",\"remark\":null}]}}',200,'127.0.0.1','node',151,1,NULL,'2026-05-30 20:15:38'),(2060696635600015362,2059984036520636418,2059984037695041538,'admin@flexchain.local','采购申请','提交采购申请','PUT /api/pms/requisitions/2060696635210022913/submit','{\"arg0\":\"2060696635210022913\"}',200,'127.0.0.1','node',43,1,NULL,'2026-05-30 20:15:38'),(2060696694689370114,0,0,'SYSTEM','登录认证','用户退出','POST /api/auth/logout',NULL,200,'127.0.0.1','Mozilla/5.0 (Windows NT 10.0; Win64; x64) AppleWebKit/537.36 (KHTML, like Gecko) Chrome/147.0.0.0 Safari/537.36',2,1,NULL,'2026-05-30 20:15:53'),(2060696738545012737,0,0,'SYSTEM','登录认证','用户登录','POST /api/auth/login','{\"arg0\":{\"username\":\"admin@flexchain.local\",\"password\":\"Admin123456\",\"tenantCode\":\"TC-20260528-7012\"},\"arg1\":\"[HttpServletRequest]\"}',200,'127.0.0.1','Mozilla/5.0 (Windows NT 10.0; Win64; x64) AppleWebKit/537.36 (KHTML, like Gecko) Chrome/147.0.0.0 Safari/537.36',147,1,NULL,'2026-05-30 20:16:03'),(2060700670763732993,0,0,'SYSTEM','登录认证','用户登录','POST /api/auth/login','{\"arg0\":{\"username\":\"admin@flexchain.local\",\"password\":\"Admin123456\",\"tenantCode\":\"TC-20260528-7012\"},\"arg1\":\"[HttpServletRequest]\"}',200,'127.0.0.1','node',430,1,NULL,'2026-05-30 20:31:40'),(2060700671023779842,0,0,'SYSTEM','登录认证','用户登录','POST /api/auth/login','{\"arg0\":{\"username\":\"admin@flexchain.local\",\"password\":\"Admin123456\",\"tenantCode\":\"TC-20260528-7012\"},\"arg1\":\"[HttpServletRequest]\"}',200,'127.0.0.1','node',429,1,NULL,'2026-05-30 20:31:40'),(2060700671086694402,0,0,'SYSTEM','登录认证','用户登录','POST /api/auth/login','{\"arg0\":{\"username\":\"admin@flexchain.local\",\"password\":\"Admin123456\",\"tenantCode\":\"TC-20260528-7012\"},\"arg1\":\"[HttpServletRequest]\"}',200,'127.0.0.1','node',429,1,NULL,'2026-05-30 20:31:40'),(2060700677566894082,2059984036520636418,2059984037695041538,'admin@flexchain.local','供应商管理','审核通过供应商','PUT /api/srm/suppliers/930000000000200101/approve','{\"arg0\":\"930000000000200101\",\"arg1\":{\"auditRemark\":\"链路审计：供应商审核通过\"}}',200,'127.0.0.1','node',1093,1,NULL,'2026-05-30 20:31:42'),(2060700682394537986,2059984036520636418,2059984037695041538,'admin@flexchain.local','采购申请','创建采购申请','POST /api/pms/requisitions','{\"arg0\":{\"reqSource\":null,\"title\":\"Codex SRM PMS WMS FMS Chain 101\",\"warehouseId\":\"910000000000000501\",\"expectDate\":\"2026-06-05\",\"totalAmount\":37.50,\"priority\":2,\"applyUserId\":\"2059984037695041538\",\"applyUserName\":\"租户管理员\",\"remark\":\"SRM-PMS-WMS-FMS chain audit\",\"items\":[{\"skuId\":\"910000000000000403\",\"skuCode\":\"SKU-PKG-110\",\"skuName\":\"抗压快递纸箱 40x30x28cm\",\"spec\":null,\"unit\":\"件\",\"quantity\":3,\"currentStock\":null,\"safetyStock\":null,\"inTransitQty\":null,\"refPrice\":null,\"unitPrice\":12.5,\"expectDate\":\"2026-06-05\",\"remark\":null}]}}',200,'127.0.0.1','node',429,1,NULL,'2026-05-30 20:31:43'),(2060700682772025345,2059984036520636418,2059984037695041538,'admin@flexchain.local','采购申请','提交采购申请','PUT /api/pms/requisitions/2060700681417342977/submit','{\"arg0\":\"2060700681417342977\"}',200,'127.0.0.1','node',63,1,NULL,'2026-05-30 20:31:43'),(2060700694398636033,0,0,'SYSTEM','登录认证','用户登录','POST /api/auth/login','{\"arg0\":{\"username\":\"warehouse@flexchain.local\",\"password\":\"Admin123456\",\"tenantCode\":\"TC-20260528-7012\"},\"arg1\":\"[HttpServletRequest]\"}',200,'127.0.0.1','node',159,1,NULL,'2026-05-30 20:31:46');
/*!40000 ALTER TABLE `sys_audit_log` ENABLE KEYS */;
UNLOCK TABLES;

LOCK TABLES `sys_dict_item` WRITE;
/*!40000 ALTER TABLE `sys_dict_item` DISABLE KEYS */;
INSERT INTO `sys_dict_item` (`id`, `dict_type_id`, `dict_code`, `item_value`, `item_label`, `item_label_en`, `sort`, `css_class`, `status`, `remark`, `create_time`, `update_time`, `is_deleted`) VALUES (101,1,'supplier_type','1','工厂供应商','Factory',1,'success',1,NULL,'2026-05-28 18:25:27','2026-05-28 18:25:27',0),(102,1,'supplier_type','2','贸易商','Trader',2,'primary',1,NULL,'2026-05-28 18:25:27','2026-05-28 18:25:27',0),(103,1,'supplier_type','3','物流服务商','Logistics Provider',3,'info',1,NULL,'2026-05-28 18:25:27','2026-05-28 18:25:27',0),(201,2,'supplier_status','0','草稿','Draft',1,'info',1,NULL,'2026-05-28 18:25:27','2026-05-28 18:25:27',0),(202,2,'supplier_status','1','待审核','Pending',2,'warning',1,NULL,'2026-05-28 18:25:27','2026-05-28 18:25:27',0),(203,2,'supplier_status','2','已通过','Approved',3,'success',1,NULL,'2026-05-28 18:25:27','2026-05-28 18:25:27',0),(204,2,'supplier_status','3','已拒绝','Rejected',4,'danger',1,NULL,'2026-05-28 18:25:27','2026-05-28 18:25:27',0),(205,2,'supplier_status','4','已停用','Disabled',5,'',1,NULL,'2026-05-28 18:25:27','2026-05-28 18:25:27',0),(301,3,'supplier_grade','S','S级-优质','Premium',1,'success',1,NULL,'2026-05-28 18:25:27','2026-05-28 18:25:27',0),(302,3,'supplier_grade','A','A级-良好','Good',2,'primary',1,NULL,'2026-05-28 18:25:27','2026-05-28 18:25:27',0),(303,3,'supplier_grade','B','B级-一般','Fair',3,'warning',1,NULL,'2026-05-28 18:25:27','2026-05-28 18:25:27',0),(304,3,'supplier_grade','C','C级-预警','Alert',4,'danger',1,NULL,'2026-05-28 18:25:27','2026-05-28 18:25:27',0),(901,9,'currency','CNY','人民币','Chinese Yuan',1,'',1,NULL,'2026-05-28 18:25:27','2026-05-28 18:25:27',0),(902,9,'currency','USD','美元','US Dollar',2,'',1,NULL,'2026-05-28 18:25:27','2026-05-28 18:25:27',0),(903,9,'currency','EUR','欧元','Euro',3,'',1,NULL,'2026-05-28 18:25:27','2026-05-28 18:25:27',0),(904,9,'currency','GBP','英镑','British Pound',4,'',1,NULL,'2026-05-28 18:25:27','2026-05-28 18:25:27',0),(905,9,'currency','JPY','日元','Japanese Yen',5,'',1,NULL,'2026-05-28 18:25:27','2026-05-28 18:25:27',0),(1001,10,'supplier_cert_type','1','营业执照','Business License',1,'primary',1,NULL,'2026-05-28 18:25:27','2026-05-28 18:25:27',0),(1002,10,'supplier_cert_type','2','质检报告','Quality Report',2,'success',1,NULL,'2026-05-28 18:25:27','2026-05-28 18:25:27',0),(1003,10,'supplier_cert_type','3','产品认证','Product Certification',3,'warning',1,NULL,'2026-05-28 18:25:27','2026-05-28 18:25:27',0),(1004,10,'supplier_cert_type','4','银行账户证明','Bank Certificate',4,'info',1,NULL,'2026-05-28 18:25:27','2026-05-28 18:25:27',0),(1005,10,'supplier_cert_type','5','其他文件','Other',5,'',1,NULL,'2026-05-28 18:25:27','2026-05-28 18:25:27',0),(1101,11,'supplier_contact_type','1','业务对接','Business',1,'primary',1,NULL,'2026-05-28 18:25:27','2026-05-28 18:25:27',0),(1102,11,'supplier_contact_type','2','财务对账','Finance',2,'success',1,NULL,'2026-05-28 18:25:27','2026-05-28 18:25:27',0),(1103,11,'supplier_contact_type','3','技术支持','Technical',3,'info',1,NULL,'2026-05-28 18:25:27','2026-05-28 18:25:27',0),(1104,11,'supplier_contact_type','4','紧急联系','Emergency',4,'danger',1,NULL,'2026-05-28 18:25:27','2026-05-28 18:25:27',0),(1201,12,'company_size','1','50人以下','<50',1,'',1,NULL,'2026-05-28 18:25:27','2026-05-28 18:25:27',0),(1202,12,'company_size','2','50-200人','50-200',2,'',1,NULL,'2026-05-28 18:25:27','2026-05-28 18:25:27',0),(1203,12,'company_size','3','200-500人','200-500',3,'',1,NULL,'2026-05-28 18:25:27','2026-05-28 18:25:27',0),(1204,12,'company_size','4','500人以上','>500',4,'',1,NULL,'2026-05-28 18:25:27','2026-05-28 18:25:27',0);
/*!40000 ALTER TABLE `sys_dict_item` ENABLE KEYS */;
UNLOCK TABLES;

LOCK TABLES `sys_dict_type` WRITE;
/*!40000 ALTER TABLE `sys_dict_type` DISABLE KEYS */;
INSERT INTO `sys_dict_type` (`id`, `dict_name`, `dict_code`, `status`, `remark`, `create_time`, `update_time`, `create_by`, `update_by`, `is_deleted`) VALUES (1,'供应商类型','supplier_type',1,'供应商的业务类型分类','2026-05-28 18:25:27','2026-05-28 18:25:27',NULL,NULL,0),(2,'供应商状态','supplier_status',1,'供应商的审核和合作状态','2026-05-28 18:25:27','2026-05-28 18:25:27',NULL,NULL,0),(3,'供应商评级','supplier_grade',1,'供应商的综合绩效评级','2026-05-28 18:25:27','2026-05-28 18:25:27',NULL,NULL,0),(4,'采购单状态','purchase_order_status',1,'采购订单的全状态定义','2026-05-28 18:25:27','2026-05-28 18:25:27',NULL,NULL,0),(5,'仓库类型','warehouse_type',1,'仓库的业务类型','2026-05-28 18:25:27','2026-05-28 18:25:27',NULL,NULL,0),(6,'库存流水类型','inventory_log_type',1,'库存变动的操作类型','2026-05-28 18:25:27','2026-05-28 18:25:27',NULL,NULL,0),(7,'订单状态','order_status',1,'销售订单的全状态定义','2026-05-28 18:25:27','2026-05-28 18:25:27',NULL,NULL,0),(8,'物流渠道类型','logistics_type',1,'物流服务的类型分类','2026-05-28 18:25:27','2026-05-28 18:25:27',NULL,NULL,0),(9,'币种','currency',1,'系统支持的结算货币','2026-05-28 18:25:27','2026-05-28 18:25:27',NULL,NULL,0),(10,'供应商资质类型','supplier_cert_type',1,'供应商可上传的资质文件种类','2026-05-28 18:25:27','2026-05-28 18:25:27',NULL,NULL,0),(11,'供应商联系人类型','supplier_contact_type',1,'联系人的业务职能分类','2026-05-28 18:25:27','2026-05-28 18:25:27',NULL,NULL,0),(12,'公司规模','company_size',1,'供应商公司的员工人数规模','2026-05-28 18:25:27','2026-05-28 18:25:27',NULL,NULL,0);
/*!40000 ALTER TABLE `sys_dict_type` ENABLE KEYS */;
UNLOCK TABLES;

LOCK TABLES `sys_event_outbox` WRITE;
/*!40000 ALTER TABLE `sys_event_outbox` DISABLE KEYS */;
INSERT INTO `sys_event_outbox` (`id`, `tenant_id`, `event_id`, `event_type`, `source_service`, `biz_type`, `biz_id`, `idempotent_key`, `payload`, `status`, `retry_count`, `error_msg`, `occurred_time`, `dispatch_time`, `create_time`, `update_time`, `is_deleted`) VALUES (2060341640522493954,2059984036520636418,'16438c0a0e6146f59e916d91c3e79ed6','SYSTEM_NOTIFICATION','supplychain-supplier','SUPPLIER_AUDIT','910000000000000103','f3f5102557a27953ae92c0215d2677fc','{\"tenantId\":\"2059984036520636418\",\"receiverId\":\"0\",\"receiverType\":\"ROLE\",\"receiverKey\":\"ROLE_PURCHASE_SPECIALIST\",\"title\":\"供应商已停用\",\"content\":\"供应商【厦门森海户外用品有限公司】已被停用，如需恢复请联系采购负责人\",\"bizType\":\"SUPPLIER_AUDIT\",\"bizId\":\"910000000000000103\",\"priority\":\"HIGH\",\"mailTo\":\"linqi@senhai.example.com\",\"mailSubject\":\"供应商已停用\",\"mailContent\":\"供应商【厦门森海户外用品有限公司】已被停用，如需恢复请联系采购负责人\"}',0,0,NULL,'2026-05-29 20:45:01',NULL,'2026-05-29 20:45:01','2026-05-29 20:45:01',0),(2060341669521911810,2059984036520636418,'2aa9235915774496930ff32b31ac1bf2','SYSTEM_NOTIFICATION','supplychain-supplier','SUPPLIER_AUDIT','910000000000000103','9b4768296e2524a08f5acc98af206f96','{\"tenantId\":\"2059984036520636418\",\"receiverId\":\"0\",\"receiverType\":\"ROLE\",\"receiverKey\":\"ROLE_PURCHASE_SPECIALIST\",\"title\":\"供应商已重新启用\",\"content\":\"供应商【厦门森海户外用品有限公司】已重新启用\",\"bizType\":\"SUPPLIER_AUDIT\",\"bizId\":\"910000000000000103\",\"priority\":\"NORMAL\",\"mailTo\":\"linqi@senhai.example.com\",\"mailSubject\":\"供应商已重新启用\",\"mailContent\":\"供应商【厦门森海户外用品有限公司】已重新启用\"}',0,0,NULL,'2026-05-29 20:45:08',NULL,'2026-05-29 20:45:08','2026-05-29 20:45:08',0),(2060635340209229826,2059984036520636418,'613ac10e1bf744d7bcc38483bab04d5b','SYSTEM_NOTIFICATION','supplychain-supplier','SUPPLIER_AUDIT','930000000000200101','3ef0b08c4d012af256df2ea0362c38d6','{\"tenantId\":\"2059984036520636418\",\"receiverId\":\"0\",\"receiverType\":\"ROLE\",\"receiverKey\":\"ROLE_PURCHASE_SPECIALIST\",\"title\":\"供应商审核通过\",\"content\":\"供应商【Codex Chain Supplier 101】审核已通过，Portal 账号已开通\",\"bizType\":\"SUPPLIER_AUDIT\",\"bizId\":\"930000000000200101\",\"priority\":\"HIGH\",\"mailTo\":\"codex-chain-supplier-101@example.com\",\"mailSubject\":\"供应商审核通过\",\"mailContent\":\"供应商【Codex Chain Supplier 101】审核已通过，Portal 账号已开通\"}',0,0,NULL,'2026-05-30 16:12:04',NULL,'2026-05-30 16:12:05','2026-05-30 16:12:05',0);
/*!40000 ALTER TABLE `sys_event_outbox` ENABLE KEYS */;
UNLOCK TABLES;

LOCK TABLES `sys_menu` WRITE;
/*!40000 ALTER TABLE `sys_menu` DISABLE KEYS */;
INSERT INTO `sys_menu` (`id`, `parent_id`, `menu_name`, `menu_type`, `permission`, `path`, `component`, `icon`, `sort`, `is_visible`, `status`, `create_time`, `update_time`, `create_by`, `update_by`, `is_deleted`) VALUES (100,0,'供应链管理',1,NULL,'/supply',NULL,'Box',1,1,1,'2026-05-28 18:25:27','2026-05-28 18:25:27',NULL,NULL,0),(101,100,'供应商管理',2,NULL,'/supply/supplier','srm/supplier/index',NULL,1,1,1,'2026-05-28 18:25:27','2026-05-28 18:25:27',NULL,NULL,0),(102,100,'采购管理',2,NULL,'/supply/purchase','pms/purchase/index',NULL,2,1,1,'2026-05-28 18:25:27','2026-05-28 18:25:27',NULL,NULL,0),(103,100,'仓库管理',2,NULL,'/supply/warehouse','wms/warehouse/index',NULL,3,1,1,'2026-05-28 18:25:27','2026-05-28 18:25:27',NULL,NULL,0),(104,100,'库存管理',2,NULL,'/supply/inventory','wms/inventory/index',NULL,4,1,1,'2026-05-28 18:25:27','2026-05-28 18:25:27',NULL,NULL,0),(200,0,'商品中心',1,NULL,'/product',NULL,'Goods',2,1,1,'2026-05-28 18:25:27','2026-05-28 18:25:27',NULL,NULL,0),(300,0,'订单中心',1,NULL,'/order',NULL,'List',3,1,1,'2026-05-28 18:25:27','2026-05-28 18:25:27',NULL,NULL,0),(400,0,'物流管理',1,NULL,'/logistics',NULL,'Van',4,1,1,'2026-05-28 18:25:27','2026-05-28 18:25:27',NULL,NULL,0),(500,0,'财务中心',1,NULL,'/finance',NULL,'Money',5,1,1,'2026-05-28 18:25:27','2026-05-28 18:25:27',NULL,NULL,0),(600,0,'数据分析',1,NULL,'/bi',NULL,'DataAnalysis',6,1,1,'2026-05-28 18:25:27','2026-05-28 18:25:27',NULL,NULL,0),(900,0,'系统设置',1,NULL,'/system',NULL,'Setting',9,1,1,'2026-05-28 18:25:27','2026-05-28 18:25:27',NULL,NULL,0),(901,900,'用户管理',2,NULL,'/system/user','system/user/index',NULL,1,1,1,'2026-05-28 18:25:27','2026-05-28 18:25:27',NULL,NULL,0),(902,900,'角色管理',2,NULL,'/system/role','system/role/index',NULL,2,1,1,'2026-05-28 18:25:27','2026-05-28 18:25:27',NULL,NULL,0),(903,900,'菜单管理',2,NULL,'/system/menu','system/menu/index',NULL,3,1,1,'2026-05-28 18:25:27','2026-05-28 18:25:27',NULL,NULL,0),(904,900,'数据字典',2,NULL,'/system/dict','system/dict/index',NULL,4,1,1,'2026-05-28 18:25:27','2026-05-28 18:25:27',NULL,NULL,0),(905,900,'审计日志',2,NULL,'/system/audit','system/audit/index',NULL,5,1,1,'2026-05-28 18:25:27','2026-05-28 18:25:27',NULL,NULL,0),(906,900,'租户运营',2,NULL,'/system/tenant-operation','system/tenant-operation/index',NULL,6,1,1,'2026-05-28 18:25:29','2026-05-28 18:25:29',NULL,NULL,0),(907,900,'套餐功能',2,NULL,'/system/plan-feature','system/plan-feature/index',NULL,7,1,1,'2026-05-28 18:25:29','2026-05-28 18:25:29',NULL,NULL,0),(908,900,'消息中心',2,NULL,'/system/messages','system/messages/index',NULL,8,1,1,'2026-05-28 18:25:29','2026-05-28 18:25:29',NULL,NULL,0),(10101,101,'查看供应商',3,'srm:supplier:list',NULL,NULL,NULL,1,0,1,'2026-05-28 18:25:27','2026-05-28 18:25:27',NULL,NULL,0),(10102,101,'新增供应商',3,'srm:supplier:add',NULL,NULL,NULL,2,0,1,'2026-05-28 18:25:27','2026-05-28 18:25:27',NULL,NULL,0),(10103,101,'编辑供应商',3,'srm:supplier:edit',NULL,NULL,NULL,3,0,1,'2026-05-28 18:25:27','2026-05-28 18:25:27',NULL,NULL,0),(10104,101,'删除供应商',3,'srm:supplier:delete',NULL,NULL,NULL,4,0,1,'2026-05-28 18:25:27','2026-05-28 18:25:27',NULL,NULL,0),(10105,101,'审核供应商',3,'srm:supplier:audit',NULL,NULL,NULL,5,0,1,'2026-05-28 18:25:27','2026-05-28 18:25:27',NULL,NULL,0),(10201,102,'查看采购单',3,'pms:order:list',NULL,NULL,NULL,1,0,1,'2026-05-28 18:25:29','2026-05-28 18:25:29',NULL,NULL,0),(10202,102,'管理采购单',3,'pms:order:manage',NULL,NULL,NULL,2,0,1,'2026-05-28 18:25:29','2026-05-28 18:25:29',NULL,NULL,0),(10203,102,'确认采购入库',3,'pms:receipt:confirm',NULL,NULL,NULL,3,0,1,'2026-05-28 18:25:29','2026-05-28 18:25:29',NULL,NULL,0),(10301,103,'管理仓库',3,'wms:warehouse:manage',NULL,NULL,NULL,1,0,1,'2026-05-28 18:25:29','2026-05-28 18:25:29',NULL,NULL,0),(10302,103,'管理入库单',3,'wms:inbound:manage',NULL,NULL,NULL,2,0,1,'2026-05-28 22:07:02','2026-05-28 22:07:02',NULL,NULL,0),(10303,103,'管理出库单',3,'wms:outbound:manage',NULL,NULL,NULL,3,0,1,'2026-05-29 19:53:45','2026-05-29 19:53:45',NULL,NULL,0),(10401,104,'查看库存',3,'wms:inventory:list',NULL,NULL,NULL,1,0,1,'2026-05-28 18:25:29','2026-05-28 18:25:29',NULL,NULL,0),(10402,104,'调整库存',3,'wms:inventory:adjust',NULL,NULL,NULL,2,0,1,'2026-05-28 18:25:29','2026-05-28 18:25:29',NULL,NULL,0),(10403,104,'审核库存盘点',3,'wms:stocktake:audit',NULL,NULL,NULL,3,0,1,'2026-05-28 22:07:02','2026-05-28 22:07:02',NULL,NULL,0),(20001,200,'管理商品',3,'pim:product:manage',NULL,NULL,NULL,1,0,1,'2026-05-28 18:25:29','2026-05-28 18:25:29',NULL,NULL,0),(30001,300,'查看订单',3,'oms:order:list',NULL,NULL,NULL,1,0,1,'2026-05-28 18:25:29','2026-05-28 18:25:29',NULL,NULL,0),(30002,300,'管理订单',3,'oms:order:manage',NULL,NULL,NULL,2,0,1,'2026-05-28 18:25:29','2026-05-28 18:25:29',NULL,NULL,0),(40001,400,'新增运单',3,'tms:waybill:add',NULL,NULL,NULL,1,0,1,'2026-05-28 18:25:29','2026-05-28 18:25:29',NULL,NULL,0),(40002,400,'管理物流',3,'tms:logistics:manage',NULL,NULL,NULL,2,0,1,'2026-05-28 18:25:29','2026-05-28 18:25:29',NULL,NULL,0),(50001,500,'导入账单',3,'fms:bill:import',NULL,NULL,NULL,1,0,1,'2026-05-28 18:25:29','2026-05-28 18:25:29',NULL,NULL,0),(50002,500,'查看利润',3,'fms:profit:view',NULL,NULL,NULL,2,0,1,'2026-05-28 18:25:29','2026-05-28 18:25:29',NULL,NULL,0),(60001,600,'查看BI看板',3,'bi:dashboard:view',NULL,NULL,NULL,1,0,1,'2026-05-28 18:25:29','2026-05-28 18:25:29',NULL,NULL,0),(90101,901,'查看用户',3,'sys:user:list',NULL,NULL,NULL,1,0,1,'2026-05-28 18:25:29','2026-05-28 18:25:29',NULL,NULL,0),(90102,901,'新增用户',3,'sys:user:add',NULL,NULL,NULL,2,0,1,'2026-05-28 18:25:29','2026-05-28 18:25:29',NULL,NULL,0),(90103,901,'编辑用户',3,'sys:user:edit',NULL,NULL,NULL,3,0,1,'2026-05-28 18:25:29','2026-05-28 18:25:29',NULL,NULL,0),(90104,901,'删除用户',3,'sys:user:delete',NULL,NULL,NULL,4,0,1,'2026-05-28 18:25:29','2026-05-28 18:25:29',NULL,NULL,0),(90201,902,'管理角色',3,'sys:role:manage',NULL,NULL,NULL,1,0,1,'2026-05-28 18:25:29','2026-05-28 18:25:29',NULL,NULL,0),(90301,903,'管理菜单',3,'sys:menu:manage',NULL,NULL,NULL,1,0,1,'2026-05-28 18:25:29','2026-05-28 18:25:29',NULL,NULL,0),(90501,905,'查看审计日志',3,'sys:audit:list',NULL,NULL,NULL,1,0,1,'2026-05-28 18:25:29','2026-05-28 18:25:29',NULL,NULL,0),(90601,906,'管理租户',3,'saas:tenant:manage',NULL,NULL,NULL,1,0,1,'2026-05-28 18:25:29','2026-05-28 18:25:29',NULL,NULL,0),(90701,907,'管理套餐功能',3,'saas:plan:manage',NULL,NULL,NULL,1,0,1,'2026-05-28 18:25:29','2026-05-28 18:25:29',NULL,NULL,0),(90801,908,'管理消息',3,'sys:message:manage',NULL,NULL,NULL,1,0,1,'2026-05-28 18:25:29','2026-05-28 18:25:29',NULL,NULL,0);
/*!40000 ALTER TABLE `sys_menu` ENABLE KEYS */;
UNLOCK TABLES;

LOCK TABLES `sys_message` WRITE;
/*!40000 ALTER TABLE `sys_message` DISABLE KEYS */;
INSERT INTO `sys_message` (`id`, `tenant_id`, `receiver_id`, `receiver_type`, `receiver_key`, `title`, `content`, `biz_type`, `biz_id`, `priority`, `read_status`, `read_time`, `create_time`, `update_time`, `is_deleted`) VALUES (910000000000001351,2059984036520636418,2059984037695041538,'USER',NULL,'库存预警','SKU-US-AX902 可售库存低于安全库存，请尽快安排补货。','WMS_INVENTORY','SKU-US-AX902','HIGH',1,'2026-05-30 13:04:08','2026-05-29 00:05:30','2026-05-30 13:04:08',0),(910000000000001352,2059984036520636418,2059984037695041538,'USER',NULL,'Purchase order partially inbound','PO-202605-1001 first batch has been shelved in LA warehouse.','PMS_ORDER','PO-202605-1001','NORMAL',1,'2026-05-30 13:27:03','2026-05-29 00:05:30','2026-05-30 13:27:02',0),(910000000000001353,2059984036520636418,2059984037695041538,'USER',NULL,'物流异常','WB-202605-9002 超过 7 天无轨迹更新，请跟进物流商。','TMS_EXCEPTION','WB-202605-9002','HIGH',1,'2026-05-30 13:44:07','2026-05-29 00:05:30','2026-05-30 13:44:07',0);
/*!40000 ALTER TABLE `sys_message` ENABLE KEYS */;
UNLOCK TABLES;

LOCK TABLES `sys_plan_feature` WRITE;
/*!40000 ALTER TABLE `sys_plan_feature` DISABLE KEYS */;
INSERT INTO `sys_plan_feature` (`id`, `plan_type`, `feature_code`, `feature_name`, `is_enabled`, `limit_value`, `limit_unit`) VALUES (1,1,'supplier.max','最大供应商数量',1,20,'家'),(2,1,'warehouse.max','最大仓库数量',1,1,'个'),(3,1,'order.monthly','月最大订单量',1,500,'单'),(4,1,'platform.max','最大对接平台数',1,1,'个'),(5,1,'bi.ai','AI智能查询',0,NULL,NULL),(6,1,'supplier.portal','供应商Portal',0,NULL,NULL),(7,1,'api.open','开放API接口',0,NULL,NULL),(8,2,'supplier.max','最大供应商数量',1,100,'家'),(9,2,'warehouse.max','最大仓库数量',1,5,'个'),(10,2,'order.monthly','月最大订单量',1,5000,'单'),(11,2,'platform.max','最大对接平台数',1,3,'个'),(12,2,'bi.ai','AI智能查询',1,NULL,NULL),(13,2,'supplier.portal','供应商Portal',1,NULL,NULL),(14,2,'api.open','开放API接口',0,NULL,NULL),(15,3,'supplier.max','最大供应商数量',1,NULL,'无限制'),(16,3,'warehouse.max','最大仓库数量',1,NULL,'无限制'),(17,3,'order.monthly','月最大订单量',1,NULL,'无限制'),(18,3,'platform.max','最大对接平台数',1,NULL,'无限制'),(19,3,'bi.ai','AI智能查询完整能力',1,NULL,NULL),(20,3,'supplier.portal','供应商Portal',1,NULL,NULL),(21,3,'api.open','开放API接口',1,NULL,NULL);
/*!40000 ALTER TABLE `sys_plan_feature` ENABLE KEYS */;
UNLOCK TABLES;

LOCK TABLES `sys_role` WRITE;
/*!40000 ALTER TABLE `sys_role` DISABLE KEYS */;
INSERT INTO `sys_role` (`id`, `tenant_id`, `role_name`, `role_code`, `role_type`, `data_scope`, `sort`, `status`, `remark`, `create_time`, `update_time`, `create_by`, `update_by`, `is_deleted`, `version`) VALUES (1,0,'超级管理员','ROLE_SUPER_ADMIN',2,1,0,1,'平台超级管理员，拥有全部权限，不属于任何租户','2026-05-28 18:25:27','2026-05-28 18:25:27',NULL,NULL,0,0),(2,0,'租户管理员','ROLE_TENANT_ADMIN',2,1,1,1,'租户内最高权限管理员，可管理本租户所有功能','2026-05-28 18:25:27','2026-05-28 18:25:27',NULL,NULL,0,0),(3,0,'采购专员','ROLE_PURCHASE',2,3,2,1,'负责供应商管理和采购下单','2026-05-28 18:25:27','2026-05-28 18:25:27',NULL,NULL,0,0),(4,0,'仓储管理员','ROLE_WAREHOUSE',2,1,3,1,'负责仓库日常运营，出入库操作','2026-05-28 18:25:27','2026-05-28 18:25:27',NULL,NULL,0,0),(5,0,'运营专员','ROLE_OPERATION',2,3,4,1,'负责商品上架和订单处理','2026-05-28 18:25:27','2026-05-28 18:25:27',NULL,NULL,0,0),(6,0,'物流专员','ROLE_LOGISTICS',2,3,5,1,'负责运单创建和物流跟踪','2026-05-28 18:25:27','2026-05-28 18:25:27',NULL,NULL,0,0),(7,0,'财务专员','ROLE_FINANCE',2,1,6,1,'负责对账和利润核算','2026-05-28 18:25:27','2026-05-28 18:25:27',NULL,NULL,0,0),(8,0,'供应商','ROLE_SUPPLIER',2,3,7,1,'供应商Portal专属角色，权限受严格限制','2026-05-28 18:25:27','2026-05-28 18:25:27',NULL,NULL,0,0),(920000000000000401,2059984036520636418,'仓储专员','ROLE_WAREHOUSE_SPECIALIST',1,3,30,1,'用于验证仓储人员 RBAC：仅开放仓库、库存、入库、出库、盘点相关能力。','2026-05-30 14:08:29','2026-05-30 14:11:26',2059984037695041538,2059984037695041538,0,0);
/*!40000 ALTER TABLE `sys_role` ENABLE KEYS */;
UNLOCK TABLES;

LOCK TABLES `sys_role_menu` WRITE;
/*!40000 ALTER TABLE `sys_role_menu` DISABLE KEYS */;
INSERT INTO `sys_role_menu` (`id`, `tenant_id`, `role_id`, `menu_id`, `create_time`, `create_by`) VALUES (130100,0,1,100,'2026-05-28 18:25:29',NULL),(130101,0,1,101,'2026-05-28 18:25:29',NULL),(130102,0,1,102,'2026-05-28 18:25:29',NULL),(130103,0,1,103,'2026-05-28 18:25:29',NULL),(130104,0,1,104,'2026-05-28 18:25:29',NULL),(130200,0,1,200,'2026-05-28 18:25:29',NULL),(130300,0,1,300,'2026-05-28 18:25:29',NULL),(130400,0,1,400,'2026-05-28 18:25:29',NULL),(130500,0,1,500,'2026-05-28 18:25:29',NULL),(130600,0,1,600,'2026-05-28 18:25:29',NULL),(130900,0,1,900,'2026-05-28 18:25:29',NULL),(130901,0,1,901,'2026-05-28 18:25:29',NULL),(130902,0,1,902,'2026-05-28 18:25:29',NULL),(130903,0,1,903,'2026-05-28 18:25:29',NULL),(130904,0,1,904,'2026-05-28 18:25:29',NULL),(130905,0,1,905,'2026-05-28 18:25:29',NULL),(130906,0,1,906,'2026-05-28 18:25:29',NULL),(130907,0,1,907,'2026-05-28 18:25:29',NULL),(130908,0,1,908,'2026-05-28 18:25:29',NULL),(140101,0,1,10101,'2026-05-28 18:25:29',NULL),(140102,0,1,10102,'2026-05-28 18:25:29',NULL),(140103,0,1,10103,'2026-05-28 18:25:29',NULL),(140104,0,1,10104,'2026-05-28 18:25:29',NULL),(140105,0,1,10105,'2026-05-28 18:25:29',NULL),(140201,0,1,10201,'2026-05-28 18:25:29',NULL),(140202,0,1,10202,'2026-05-28 18:25:29',NULL),(140203,0,1,10203,'2026-05-28 18:25:29',NULL),(140301,0,1,10301,'2026-05-28 18:25:29',NULL),(140302,0,1,10302,'2026-05-28 22:07:02',NULL),(140303,0,1,10303,'2026-05-29 19:53:45',NULL),(140401,0,1,10401,'2026-05-28 18:25:29',NULL),(140402,0,1,10402,'2026-05-28 18:25:29',NULL),(140403,0,1,10403,'2026-05-28 22:07:02',NULL),(150001,0,1,20001,'2026-05-28 18:25:29',NULL),(160001,0,1,30001,'2026-05-28 18:25:29',NULL),(160002,0,1,30002,'2026-05-28 18:25:29',NULL),(170001,0,1,40001,'2026-05-28 18:25:29',NULL),(170002,0,1,40002,'2026-05-28 18:25:29',NULL),(180001,0,1,50001,'2026-05-28 18:25:29',NULL),(180002,0,1,50002,'2026-05-28 18:25:29',NULL),(190001,0,1,60001,'2026-05-28 18:25:29',NULL),(220101,0,1,90101,'2026-05-28 18:25:29',NULL),(220102,0,1,90102,'2026-05-28 18:25:29',NULL),(220103,0,1,90103,'2026-05-28 18:25:29',NULL),(220104,0,1,90104,'2026-05-28 18:25:29',NULL),(220201,0,1,90201,'2026-05-28 18:25:29',NULL),(220301,0,1,90301,'2026-05-28 18:25:29',NULL),(220501,0,1,90501,'2026-05-28 18:25:29',NULL),(220601,0,1,90601,'2026-05-28 18:25:29',NULL),(220701,0,1,90701,'2026-05-28 18:25:29',NULL),(220801,0,1,90801,'2026-05-28 18:25:29',NULL),(230100,0,2,100,'2026-05-28 18:25:29',NULL),(230101,0,2,101,'2026-05-28 18:25:29',NULL),(230102,0,2,102,'2026-05-28 18:25:29',NULL),(230103,0,2,103,'2026-05-28 18:25:29',NULL),(230104,0,2,104,'2026-05-28 18:25:29',NULL),(230200,0,2,200,'2026-05-28 18:25:29',NULL),(230300,0,2,300,'2026-05-28 18:25:29',NULL),(230400,0,2,400,'2026-05-28 18:25:29',NULL),(230500,0,2,500,'2026-05-28 18:25:29',NULL),(230600,0,2,600,'2026-05-28 18:25:29',NULL),(230900,0,2,900,'2026-05-28 18:25:29',NULL),(230901,0,2,901,'2026-05-28 18:25:29',NULL),(230902,0,2,902,'2026-05-28 18:25:29',NULL),(230903,0,2,903,'2026-05-28 18:25:29',NULL),(230904,0,2,904,'2026-05-28 18:25:29',NULL),(230905,0,2,905,'2026-05-28 18:25:29',NULL),(230906,0,2,906,'2026-05-28 18:25:29',NULL),(230907,0,2,907,'2026-05-28 18:25:29',NULL),(230908,0,2,908,'2026-05-28 18:25:29',NULL),(240101,0,2,10101,'2026-05-28 18:25:29',NULL),(240102,0,2,10102,'2026-05-28 18:25:29',NULL),(240103,0,2,10103,'2026-05-28 18:25:29',NULL),(240104,0,2,10104,'2026-05-28 18:25:29',NULL),(240105,0,2,10105,'2026-05-28 18:25:29',NULL),(240201,0,2,10201,'2026-05-28 18:25:29',NULL),(240202,0,2,10202,'2026-05-28 18:25:29',NULL),(240203,0,2,10203,'2026-05-28 18:25:29',NULL),(240301,0,2,10301,'2026-05-28 18:25:29',NULL),(240302,0,2,10302,'2026-05-28 22:07:02',NULL),(240303,0,2,10303,'2026-05-29 19:53:45',NULL),(240401,0,2,10401,'2026-05-28 18:25:29',NULL),(240402,0,2,10402,'2026-05-28 18:25:29',NULL),(240403,0,2,10403,'2026-05-28 22:07:02',NULL),(240801,0,2,90801,'2026-05-29 20:19:22',NULL),(250001,0,2,20001,'2026-05-28 18:25:29',NULL),(260001,0,2,30001,'2026-05-28 18:25:29',NULL),(260002,0,2,30002,'2026-05-28 18:25:29',NULL),(270001,0,2,40001,'2026-05-28 18:25:29',NULL),(270002,0,2,40002,'2026-05-28 18:25:29',NULL),(280001,0,2,50001,'2026-05-28 18:25:29',NULL),(280002,0,2,50002,'2026-05-28 18:25:29',NULL),(290001,0,2,60001,'2026-05-28 18:25:29',NULL),(340101,0,3,10101,'2026-05-28 18:25:29',NULL),(340102,0,3,10102,'2026-05-28 18:25:29',NULL),(340103,0,3,10103,'2026-05-28 18:25:29',NULL),(340201,0,3,10201,'2026-05-28 18:25:29',NULL),(340202,0,3,10202,'2026-05-28 18:25:29',NULL),(390001,0,3,60001,'2026-05-28 18:25:29',NULL),(440203,0,4,10203,'2026-05-28 18:25:29',NULL),(440301,0,4,10301,'2026-05-28 18:25:29',NULL),(440302,0,4,10302,'2026-05-28 22:07:02',NULL),(440303,0,4,10303,'2026-05-29 19:53:45',NULL),(440401,0,4,10401,'2026-05-28 18:25:29',NULL),(440402,0,4,10402,'2026-05-28 18:25:29',NULL),(440403,0,4,10403,'2026-05-28 22:07:02',NULL),(490001,0,4,60001,'2026-05-28 18:25:29',NULL),(540401,0,5,10401,'2026-05-28 18:25:29',NULL),(550001,0,5,20001,'2026-05-28 18:25:29',NULL),(560001,0,5,30001,'2026-05-28 18:25:29',NULL),(560002,0,5,30002,'2026-05-28 18:25:29',NULL),(590001,0,5,60001,'2026-05-28 18:25:29',NULL),(670001,0,6,40001,'2026-05-28 18:25:29',NULL),(670002,0,6,40002,'2026-05-28 18:25:29',NULL),(690001,0,6,60001,'2026-05-28 18:25:29',NULL),(740201,0,7,10201,'2026-05-28 18:25:29',NULL),(780001,0,7,50001,'2026-05-28 18:25:29',NULL),(780002,0,7,50002,'2026-05-28 18:25:29',NULL),(790001,0,7,60001,'2026-05-28 18:25:29',NULL),(2090101,0,2,90101,'2026-05-29 20:22:06',NULL),(2090102,0,2,90102,'2026-05-29 20:22:06',NULL),(2090103,0,2,90103,'2026-05-29 20:22:06',NULL),(2090104,0,2,90104,'2026-05-29 20:22:06',NULL),(2090201,0,2,90201,'2026-05-29 20:22:06',NULL),(2060621196139507713,2059984036520636418,920000000000000401,103,'2026-05-30 15:15:52',2059984037695041538),(2060621196139507714,2059984036520636418,920000000000000401,104,'2026-05-30 15:15:52',2059984037695041538),(2060621196139507715,2059984036520636418,920000000000000401,10301,'2026-05-30 15:15:52',2059984037695041538),(2060621196139507716,2059984036520636418,920000000000000401,10302,'2026-05-30 15:15:52',2059984037695041538),(2060621196139507717,2059984036520636418,920000000000000401,10303,'2026-05-30 15:15:52',2059984037695041538),(2060621196139507718,2059984036520636418,920000000000000401,10401,'2026-05-30 15:15:52',2059984037695041538),(2060621196206616577,2059984036520636418,920000000000000401,10402,'2026-05-30 15:15:52',2059984037695041538),(2060621196206616578,2059984036520636418,920000000000000401,10403,'2026-05-30 15:15:52',2059984037695041538);
/*!40000 ALTER TABLE `sys_role_menu` ENABLE KEYS */;
UNLOCK TABLES;

LOCK TABLES `sys_tenant` WRITE;
/*!40000 ALTER TABLE `sys_tenant` DISABLE KEYS */;
INSERT INTO `sys_tenant` (`id`, `tenant_code`, `company_name`, `contact_name`, `contact_phone`, `contact_email`, `plan_type`, `plan_start_time`, `plan_end_time`, `trial_end_time`, `status`, `max_supplier`, `max_warehouse`, `max_monthly_order`, `max_platform`, `admin_user_id`, `remark`, `create_time`, `update_time`, `create_by`, `update_by`, `is_deleted`, `version`) VALUES (2059984036520636418,'TC-20260528-7012','FlexChain 本地测试租户','测试管理员','13800000000','admin@flexchain.local',2,'2026-05-28 21:04:02','2026-06-11 21:04:02','2026-06-11 21:04:02',2,100,5,5000,3,2059984037695041538,NULL,'2026-05-28 21:04:02','2026-05-28 21:04:02',NULL,NULL,0,0);
/*!40000 ALTER TABLE `sys_tenant` ENABLE KEYS */;
UNLOCK TABLES;

LOCK TABLES `sys_user` WRITE;
/*!40000 ALTER TABLE `sys_user` DISABLE KEYS */;
INSERT INTO `sys_user` (`id`, `tenant_id`, `username`, `password`, `real_name`, `avatar`, `email`, `phone`, `user_type`, `status`, `login_fail_count`, `lock_time`, `lock_until_time`, `last_login_time`, `last_login_ip`, `create_time`, `update_time`, `create_by`, `update_by`, `is_deleted`, `version`) VALUES (920000000000000402,2059984036520636418,'warehouse@flexchain.local','$2a$10$DQbKOiUaaJAiuPSPQkxTm.R5A2i6aiOI.UhJc1zzZn2YUnamKtHjW','仓储专员',NULL,'warehouse@flexchain.local',NULL,1,1,0,NULL,NULL,'2026-05-30 20:31:46','127.0.0.1','2026-05-30 14:08:29','2026-05-30 20:31:46',2059984037695041538,NULL,0,0),(2059984037695041538,2059984036520636418,'admin@flexchain.local','$2a$10$DQbKOiUaaJAiuPSPQkxTm.R5A2i6aiOI.UhJc1zzZn2YUnamKtHjW','租户管理员',NULL,'admin@flexchain.local','13800000000',2,1,0,NULL,NULL,'2026-05-30 20:31:40','127.0.0.1','2026-05-28 21:04:02','2026-05-30 20:31:40',NULL,NULL,0,0),(2060700674459037698,2059984036520636418,'codex-chain-supplier-101@example.com','$2a$10$6vaMWyBQ58Q7Lpa0/BT30OlwWj9pCzTao0acP7Lw2iUnmynXeTZa2','Codex Supplier Contact',NULL,'codex-chain-supplier-101@example.com','13800001001',3,1,0,NULL,NULL,NULL,NULL,'2026-05-30 20:31:42','2026-05-30 20:31:42',2059984037695041538,2059984037695041538,0,0);
/*!40000 ALTER TABLE `sys_user` ENABLE KEYS */;
UNLOCK TABLES;

LOCK TABLES `sys_user_role` WRITE;
/*!40000 ALTER TABLE `sys_user_role` DISABLE KEYS */;
INSERT INTO `sys_user_role` (`id`, `tenant_id`, `user_id`, `role_id`, `create_time`, `create_by`) VALUES (920000000000000403,2059984036520636418,920000000000000402,920000000000000401,'2026-05-30 14:08:29',2059984037695041538),(2059984039000000001,2059984036520636418,2059984037695041538,2,'2026-05-28 21:27:16',2059984037695041538);
/*!40000 ALTER TABLE `sys_user_role` ENABLE KEYS */;
UNLOCK TABLES;

LOCK TABLES `tax_vat_rate` WRITE;
/*!40000 ALTER TABLE `tax_vat_rate` DISABLE KEYS */;
/*!40000 ALTER TABLE `tax_vat_rate` ENABLE KEYS */;
UNLOCK TABLES;

LOCK TABLES `transfer_order` WRITE;
/*!40000 ALTER TABLE `transfer_order` DISABLE KEYS */;
/*!40000 ALTER TABLE `transfer_order` ENABLE KEYS */;
UNLOCK TABLES;

LOCK TABLES `transfer_order_item` WRITE;
/*!40000 ALTER TABLE `transfer_order_item` DISABLE KEYS */;
/*!40000 ALTER TABLE `transfer_order_item` ENABLE KEYS */;
UNLOCK TABLES;

LOCK TABLES `undo_log` WRITE;
/*!40000 ALTER TABLE `undo_log` DISABLE KEYS */;
/*!40000 ALTER TABLE `undo_log` ENABLE KEYS */;
UNLOCK TABLES;

LOCK TABLES `warehouse` WRITE;
/*!40000 ALTER TABLE `warehouse` DISABLE KEYS */;
INSERT INTO `warehouse` (`id`, `tenant_id`, `warehouse_code`, `warehouse_name`, `warehouse_type`, `country_code`, `country_name`, `province`, `city`, `address`, `zip_code`, `contact_name`, `contact_phone`, `contact_email`, `area_sqm`, `total_locations`, `used_locations`, `is_default`, `status`, `remark`, `create_time`, `update_time`, `create_by`, `update_by`, `is_deleted`, `version`) VALUES (910000000000000501,2059984036520636418,'US-LA-01','洛杉矶海外仓',3,'US','美国','加利福尼亚州','洛杉矶','1688 Supply Chain Ave','90021','Mike Lee','+1-213-555-0198','la-ops@flexchain.local',3200.00,3600,1420,1,1,'美国主力发货仓','2026-05-28 23:53:14','2026-05-29 09:28:54',2059984037695041538,2059984037695041538,0,0),(910000000000000502,2059984036520636418,'US-NJ-02','宁波国内仓',4,'US','中国','浙江省','宁波市','北仑保税区 6 号','07114','王鑫','+1-973-555-0166','nj-3pl@flexchain.local',2600.00,2400,880,0,1,'国内集货中转仓','2026-05-28 23:53:14','2026-05-29 09:28:54',2059984037695041538,2059984037695041538,0,0),(910000000000000503,2059984036520636418,'DE-HH-01','汉堡欧洲仓',3,'DE','德国','汉堡','汉堡','HafenCity 18','20097','Anna Becker','+49-40-555-0101','de-hh@flexchain.local',1800.00,1800,730,0,1,'欧洲区域仓','2026-05-28 23:53:14','2026-05-29 09:28:54',2059984037695041538,2059984037695041538,0,0);
/*!40000 ALTER TABLE `warehouse` ENABLE KEYS */;
UNLOCK TABLES;

LOCK TABLES `warehouse_inventory` WRITE;
/*!40000 ALTER TABLE `warehouse_inventory` DISABLE KEYS */;
INSERT INTO `warehouse_inventory` (`id`, `tenant_id`, `warehouse_id`, `location_id`, `sku_id`, `sku_code`, `sku_name`, `quantity`, `locked_quantity`, `create_time`, `update_time`, `is_deleted`, `version`) VALUES (2060635361373712386,2059984036520636418,910000000000000501,910000000000000511,910000000000000403,'SKU-PKG-110','抗压快递纸箱 40x30x28cm',3,0,'2026-05-30 16:12:10','2026-05-30 16:12:10',0,0);
/*!40000 ALTER TABLE `warehouse_inventory` ENABLE KEYS */;
UNLOCK TABLES;

LOCK TABLES `warehouse_inventory_log` WRITE;
/*!40000 ALTER TABLE `warehouse_inventory_log` DISABLE KEYS */;
INSERT INTO `warehouse_inventory_log` (`id`, `tenant_id`, `warehouse_id`, `location_id`, `sku_id`, `sku_code`, `sku_name`, `biz_type`, `biz_no`, `change_qty`, `before_qty`, `after_qty`, `remark`, `create_time`) VALUES (2060635361575038978,2059984036520636418,910000000000000501,910000000000000511,910000000000000403,'SKU-PKG-110','抗压快递纸箱 40x30x28cm','PURCHASE_IN','RCV-20260530-0001',3,0,3,NULL,'2026-05-30 16:12:10');
/*!40000 ALTER TABLE `warehouse_inventory_log` ENABLE KEYS */;
UNLOCK TABLES;

LOCK TABLES `warehouse_location` WRITE;
/*!40000 ALTER TABLE `warehouse_location` DISABLE KEYS */;
INSERT INTO `warehouse_location` (`id`, `tenant_id`, `warehouse_id`, `location_code`, `zone`, `row_no`, `column_no`, `floor_no`, `location_type`, `max_weight_kg`, `max_volume_l`, `is_occupied`, `status`, `remark`, `create_time`, `update_time`, `create_by`, `is_deleted`) VALUES (910000000000000511,2059984036520636418,910000000000000501,'A-02-06','A',2,6,1,1,250.00,1200.00,1,1,'快进快出库区','2026-05-28 23:53:14','2026-05-29 09:28:54',2059984037695041538,0),(910000000000000512,2059984036520636418,910000000000000501,'B-01-03','B',1,3,1,2,120.00,600.00,1,1,'冻结库存库区','2026-05-28 23:53:14','2026-05-29 09:28:54',2059984037695041538,0),(910000000000000513,2059984036520636418,910000000000000502,'P-04-11','P',4,11,1,1,180.00,900.00,1,1,'包装耗材库区','2026-05-28 23:53:14','2026-05-29 09:28:54',2059984037695041538,0),(910000000000000514,2059984036520636418,910000000000000503,'E-03-02','E',3,2,1,1,160.00,720.00,1,1,'欧洲灯具库区','2026-05-28 23:53:14','2026-05-29 09:28:54',2059984037695041538,0);
/*!40000 ALTER TABLE `warehouse_location` ENABLE KEYS */;
UNLOCK TABLES;
/*!40103 SET TIME_ZONE=@OLD_TIME_ZONE */;

/*!40101 SET SQL_MODE=@OLD_SQL_MODE */;
/*!40014 SET FOREIGN_KEY_CHECKS=@OLD_FOREIGN_KEY_CHECKS */;
/*!40014 SET UNIQUE_CHECKS=@OLD_UNIQUE_CHECKS */;
/*!40101 SET CHARACTER_SET_CLIENT=@OLD_CHARACTER_SET_CLIENT */;
/*!40101 SET CHARACTER_SET_RESULTS=@OLD_CHARACTER_SET_RESULTS */;
/*!40101 SET COLLATION_CONNECTION=@OLD_COLLATION_CONNECTION */;
/*!40111 SET SQL_NOTES=@OLD_SQL_NOTES */;

SET FOREIGN_KEY_CHECKS = 1;
