REPLACE INTO `supplier` VALUES (910000000000000101,2059984036520636418,'SUP-202605-0001','深圳华景电子有限公司',1,'[910000000000000201]','广东省','深圳市','宝安区航城街道智造园 8 栋','https://huajing.example.com',3,2014,'陈敏','13800138001','chenmin@huajing.example.com','huajing-cm','+86 13800138001','CMB Shenzhen Baoan Branch','**** **** **** 8301','深圳华景电子有限公司','91440300MAHJ0001X',1,200,18,30000,'CNY',30,'S',94.50,'202605',2,2059984037695041538,'2026-05-20 10:00:00','资质完整，交付稳定',NULL,1,'核心电子类供应商','[\"core\", \"invoice\", \"sample\"]','2026-05-28 23:53:14','2026-05-29 09:28:54',2059984037695041538,2059984037695041538,0,0),(910000000000000102,2059984036520636418,'SUP-202605-0002','宁波远航包装厂',1,'[910000000000000202]','浙江省','宁波市','北仑区春晓工业园 12 号','https://yuanhang-pack.example.com',2,2018,'周航','13800138002','zhouhang@yuanhang.example.com','yh-pack','+86 13800138002','Bank of Ningbo Beilun Branch','**** **** **** 2088','宁波远航包装厂','91330206MAYH0002X',1,1000,10,200000,'CNY',15,'A',88.20,'202605',2,2059984037695041538,'2026-05-18 15:20:00','价格稳定，旺季需提前锁定产能',NULL,1,'包装耗材长期合作供应商','[\"packaging\", \"15-day terms\"]','2026-05-28 23:53:14','2026-05-29 09:28:54',2059984037695041538,2059984037695041538,0,0),(910000000000000103,2059984036520636418,'SUP-202605-0003','厦门森海户外用品有限公司',1,'[910000000000000203]','福建省','厦门市','集美区杏林湾商务运营中心','https://senhai-outdoor.example.com',2,2016,'林启','13800138003','linqi@senhai.example.com','senhai-lq','+86 13800138003','CIB Xiamen Branch','**** **** **** 7712','厦门森海户外用品有限公司','91350200MASH0003X',1,300,22,50000,'USD',45,'B',78.60,'202605',2,2059984037695041538,'2026-05-16 09:30:00','欧洲订单交期偏长，需要重点跟进',NULL,1,'户外用品供应商','[\"EU\", \"follow-up\"]','2026-05-28 23:53:14','2026-05-29 09:28:54',2059984037695041538,2059984037695041538,0,0);
REPLACE INTO `supplier_contact` VALUES (910000000000000111,2059984036520636418,910000000000000101,'陈敏','销售总监','13800138001','chenmin@huajing.example.com','huajing-cm','+86 13800138001','销售部',1,1,'主联系人','2026-05-28 23:53:14',2059984037695041538,0),(910000000000000112,2059984036520636418,910000000000000101,'Huang Jie','Finance Manager','13800138011','finance@huajing.example.com','huajing-fin','+86 13800138011','Finance',0,2,'Invoice and reconciliation','2026-05-28 23:53:14',2059984037695041538,0),(910000000000000113,2059984036520636418,910000000000000102,'周航','厂长','13800138002','zhouhang@yuanhang.example.com','yh-pack','+86 13800138002','业务部',1,1,'包装订单联系人','2026-05-28 23:53:14',2059984037695041538,0),(910000000000000114,2059984036520636418,910000000000000103,'林启','外贸经理','13800138003','linqi@senhai.example.com','senhai-lq','+86 13800138003','外贸部',1,1,'欧洲订单联系人','2026-05-28 23:53:14',2059984037695041538,0);
REPLACE INTO `supplier_cert` VALUES (910000000000000121,2059984036520636418,910000000000000101,1,'Business License','huajing-business-license.pdf','oss://demo/supplier/huajing-license.pdf',1820342,'application/pdf','2024-01-10','2029-01-09',0,'BL-HJ-2024','Approved','2026-05-28 23:53:14',2059984037695041538,0),(910000000000000122,2059984036520636418,910000000000000101,3,'CE Certificate','pet-dryer-ce.pdf','oss://demo/supplier/pet-dryer-ce.pdf',920112,'application/pdf','2025-03-01','2027-03-01',0,'CE-PD-2025','Required for EU listing','2026-05-28 23:53:14',2059984037695041538,0),(910000000000000123,2059984036520636418,910000000000000102,2,'Carton BCT Test Report','carton-bct-report.pdf','oss://demo/supplier/carton-bct.pdf',618442,'application/pdf','2026-02-16','2026-08-16',0,'BCT-202602','Review within 90 days','2026-05-28 23:53:14',2059984037695041538,0),(910000000000000124,2059984036520636418,910000000000000103,3,'RoHS Certificate','camp-light-rohs.pdf','oss://demo/supplier/camp-rohs.pdf',805210,'application/pdf','2025-09-01','2026-06-25',0,'ROHS-SH-2025','Expiring soon warning','2026-05-28 23:53:14',2059984037695041538,0);
REPLACE INTO `supplier_score_log` VALUES (910000000000000131,2059984036520636418,910000000000000101,'202605',12,12,18,18,1.80,0.9700,96.00,98.00,93.00,91.00,94.50,'S',0,'S','Stable top supplier','2026-05-28 08:00:00'),(910000000000000132,2059984036520636418,910000000000000102,'202605',9,8,11,12,3.50,0.9300,88.00,91.00,84.00,90.00,88.20,'A',0,'A','Good for packaging replenishment','2026-05-28 08:00:00'),(910000000000000133,2059984036520636418,910000000000000103,'202605',5,3,7,8,5.70,1.0600,72.00,82.00,76.00,85.00,78.60,'B',1,'A','Delivery and response need follow-up','2026-05-28 08:00:00');
REPLACE INTO `product_category` VALUES (910000000000000201,2059984036520636418,0,'宠物电器','Pet Appliance',1,'/pet',NULL,10,1,'2026-05-28 23:53:14','2026-05-29 09:28:54',2059984037695041538,2059984037695041538,0,0),(910000000000000202,2059984036520636418,0,'包装耗材','Packaging Consumables',1,'/packaging',NULL,20,1,'2026-05-28 23:53:14','2026-05-29 09:28:54',2059984037695041538,2059984037695041538,0,0),(910000000000000203,2059984036520636418,0,'户外装备','Outdoor Gear',1,'/outdoor',NULL,30,1,'2026-05-28 23:53:14','2026-05-29 09:28:54',2059984037695041538,2059984037695041538,0,0);
REPLACE INTO `product_spu` VALUES (910000000000000303,2059984036520636418,'SPU-EU-CAMP-LIGHT-01','折叠式户外储能灯',910000000000000203,'/outdoor','Senhai','94054100','CN','铝合金、锂电池','[\"CE\", \"RoHS\"]',2,'2026-05-01 12:00:00',NULL,'可充电户外露营灯','零售彩盒','欧洲季节性 SKU','2026-05-28 23:53:14','2026-05-29 09:28:54',2059984037695041538,2059984037695041538,0,0),(910000000000000301,2059984036520636418,'SPU-PET-DRYER-01','AX9 多规格宠物烘干箱',910000000000000201,'/pet','FlexPet','84193990','CN','ABS、钢化玻璃、电子元件','[\"CE\", \"FCC\"]',2,'2026-05-10 10:00:00',NULL,'面向跨境平台销售的多规格宠物烘干箱','泡棉防护外箱','美国 TikTok 热销 SKU','2026-05-28 23:53:14','2026-05-29 09:28:54',2059984037695041538,2059984037695041538,0,0),(910000000000000302,2059984036520636418,'SPU-PKG-CARTON-01','40x30x28 抗压快递纸箱',910000000000000202,'/packaging','Yuanhang','48191000','CN','五层瓦楞纸','[\"ISTA\"]',2,'2026-04-18 09:00:00',NULL,'仓库出库使用的包装耗材','扁平打包成捆','仓储耗材','2026-05-28 23:53:14','2026-05-29 09:28:54',2059984037695041538,2059984037695041538,0,0);
REPLACE INTO `product_sku` VALUES (910000000000000404,2059984036520636418,910000000000000303,'SKU-EU-CAMP01','折叠式户外储能灯 欧规黑色','6970000020016','X004CAMP01','{\"plug\": \"EU\", \"color\": \"black\"}','{\"plug\": \"EU\", \"color\": \"Black\"}',760.00,980.00,180.00,120.00,105.00,1,0,0,21.5000,'USD','A',1,'欧洲含电 SKU','2026-05-28 23:53:14','2026-05-29 09:28:54',2059984037695041538,2059984037695041538,0,0),(910000000000000403,2059984036520636418,910000000000000302,'SKU-PKG-110','抗压快递纸箱 40x30x28cm','6970000011007',NULL,'{\"size\": \"40*30*28cm\", \"layer\": \"5-ply\"}','{\"size\": \"40*30*28cm\", \"layer\": \"5-ply\"}',180.00,220.00,400.00,300.00,280.00,0,0,0,12.8000,'CNY','B',1,'包装耗材','2026-05-28 23:53:14','2026-05-29 09:28:54',2059984037695041538,2059984037695041538,0,0),(910000000000000401,2059984036520636418,910000000000000301,'SKU-US-AX901','AX9 宠物烘干箱 白色 110V','6970000009011','X004AX901W','{\"color\": \"white\", \"voltage\": \"110V\"}','{\"color\": \"White\", \"voltage\": \"110V\"}',5200.00,6100.00,520.00,410.00,460.00,0,0,0,850.0000,'CNY','A',1,'美国热销款','2026-05-28 23:53:14','2026-05-29 09:28:54',2059984037695041538,2059984037695041538,0,0),(910000000000000402,2059984036520636418,910000000000000301,'SKU-US-AX902','AX9 宠物烘干箱 灰色 110V','6970000009028','X004AX902G','{\"color\": \"gray\", \"voltage\": \"110V\"}','{\"color\": \"Gray\", \"voltage\": \"110V\"}',5200.00,6120.00,520.00,410.00,460.00,0,0,0,912.5000,'CNY','A',1,'美国备选颜色款','2026-05-28 23:53:14','2026-05-29 09:28:54',2059984037695041538,2059984037695041538,0,0);
REPLACE INTO `product_sku_price` VALUES (910000000000000411,2059984036520636418,910000000000000401,1,'Amazon','US',189.9900,'USD',1,NULL,'2026-05-01 00:00:00',NULL,1,'2026-05-28 23:53:14','2026-05-28 23:53:14',2059984037695041538,2059984037695041538,0,0),(910000000000000412,2059984036520636418,910000000000000402,1,'TikTok','US',199.9900,'USD',1,NULL,'2026-05-01 00:00:00',NULL,1,'2026-05-28 23:53:14','2026-05-28 23:53:14',2059984037695041538,2059984037695041538,0,0),(910000000000000413,2059984036520636418,910000000000000404,1,'Amazon','DE',49.9900,'EUR',1,NULL,'2026-05-01 00:00:00',NULL,1,'2026-05-28 23:53:14','2026-05-28 23:53:14',2059984037695041538,2059984037695041538,0,0),(910000000000000414,2059984036520636418,910000000000000403,2,'Internal','US',12.8000,'CNY',1000,NULL,'2026-05-01 00:00:00',NULL,1,'2026-05-28 23:53:14','2026-05-28 23:53:14',2059984037695041538,2059984037695041538,0,0);
REPLACE INTO `product_image` VALUES (910000000000000421,2059984036520636418,910000000000000301,910000000000000401,1,'https://images.unsplash.com/photo-1583337130417-3346a1be7dee?w=900','https://images.unsplash.com/photo-1583337130417-3346a1be7dee?w=240',900,600,245000,1,'宠物烘干箱主图','2026-05-28 23:53:14','2026-05-28 23:53:14',2059984037695041538,2059984037695041538,0,0),(910000000000000422,2059984036520636418,910000000000000302,910000000000000403,1,'https://images.unsplash.com/photo-1605600659873-d808a13e4d2a?w=900','https://images.unsplash.com/photo-1605600659873-d808a13e4d2a?w=240',900,600,198000,1,'快递纸箱主图','2026-05-28 23:53:14','2026-05-28 23:53:14',2059984037695041538,2059984037695041538,0,0),(910000000000000423,2059984036520636418,910000000000000303,910000000000000404,1,'https://images.unsplash.com/photo-1504280390367-361c6d9f38f4?w=900','https://images.unsplash.com/photo-1504280390367-361c6d9f38f4?w=240',900,600,238000,1,'户外储能灯主图','2026-05-28 23:53:14','2026-05-28 23:53:14',2059984037695041538,2059984037695041538,0,0);
REPLACE INTO `warehouse` VALUES (910000000000000503,2059984036520636418,'DE-HH-01','汉堡欧洲仓',3,'DE','德国','汉堡','汉堡','HafenCity 18','20097','Anna Becker','+49-40-555-0101','de-hh@flexchain.local',1800.00,1800,730,0,1,'欧洲区域仓','2026-05-28 23:53:14','2026-05-29 09:28:54',2059984037695041538,2059984037695041538,0,0),(910000000000000501,2059984036520636418,'US-LA-01','洛杉矶海外仓',3,'US','美国','加利福尼亚州','洛杉矶','1688 Supply Chain Ave','90021','Mike Lee','+1-213-555-0198','la-ops@flexchain.local',3200.00,3600,1420,1,1,'美国主力发货仓','2026-05-28 23:53:14','2026-05-29 09:28:54',2059984037695041538,2059984037695041538,0,0),(910000000000000502,2059984036520636418,'US-NJ-02','宁波国内仓',4,'US','中国','浙江省','宁波市','北仑保税区 6 号','07114','王鑫','+1-973-555-0166','nj-3pl@flexchain.local',2600.00,2400,880,0,1,'国内集货中转仓','2026-05-28 23:53:14','2026-05-29 09:28:54',2059984037695041538,2059984037695041538,0,0);
REPLACE INTO `warehouse_location` VALUES (910000000000000511,2059984036520636418,910000000000000501,'A-02-06','A',2,6,1,1,250.00,1200.00,1,1,'快进快出库区','2026-05-28 23:53:14','2026-05-29 09:28:54',2059984037695041538,0),(910000000000000512,2059984036520636418,910000000000000501,'B-01-03','B',1,3,1,2,120.00,600.00,1,1,'冻结库存库区','2026-05-28 23:53:14','2026-05-29 09:28:54',2059984037695041538,0),(910000000000000513,2059984036520636418,910000000000000502,'P-04-11','P',4,11,1,1,180.00,900.00,1,1,'包装耗材库区','2026-05-28 23:53:14','2026-05-29 09:28:54',2059984037695041538,0),(910000000000000514,2059984036520636418,910000000000000503,'E-03-02','E',3,2,1,1,160.00,720.00,1,1,'欧洲灯具库区','2026-05-28 23:53:14','2026-05-29 09:28:54',2059984037695041538,0);
REPLACE INTO `inventory` VALUES (910000000000000521,2059984036520636418,910000000000000501,910000000000000511,910000000000000401,'SKU-US-AX901','AX9 宠物烘干箱 白色 110V',351,18,600,4,42,120,1200,180,850.0000,298350.0000,'2026-05-28 09:30:00','2026-05-28 11:42:00','2026-05-28 23:53:14','2026-05-29 09:28:54',2059984037695041538,2059984037695041538,0,0),(910000000000000522,2059984036520636418,910000000000000501,910000000000000511,910000000000000402,'SKU-US-AX902','AX9 宠物烘干箱 灰色 110V',48,6,240,0,16,80,900,160,912.5000,43800.0000,'2026-05-24 14:10:00','2026-05-28 10:18:00','2026-05-28 23:53:14','2026-05-29 09:28:54',2059984037695041538,2059984037695041538,0,0),(910000000000000523,2059984036520636418,910000000000000502,910000000000000513,910000000000000403,'SKU-PKG-110','抗压快递纸箱 40x30x28cm',2200,0,5000,22,180,1500,30000,5000,12.8000,28160.0000,'2026-05-27 16:05:00','2026-05-28 08:10:00','2026-05-28 23:53:14','2026-05-29 09:28:54',2059984037695041538,2059984037695041538,0,0),(910000000000000524,2059984036520636418,910000000000000503,910000000000000514,910000000000000404,'SKU-EU-CAMP01','折叠式户外储能灯 欧规黑色',0,0,360,0,0,90,1500,120,21.5000,0.0000,'2026-05-19 11:20:00','2026-05-27 19:10:00','2026-05-28 23:53:14','2026-05-29 09:28:54',2059984037695041538,2059984037695041538,0,0);
REPLACE INTO `inventory_log` VALUES (910000000000000531,2059984036520636418,1,910000000000000501,910000000000000511,910000000000000401,'SKU-US-AX901','AX9 宠物烘干箱 白色 110V',120,200,320,'PURCHASE_RECEIPT','RC-202605-8871',910000000000000711,'BATCH-AX901-0528',2059984037695041538,'管理员','2026-05-28 09:30:00','采购入库'),(910000000000000532,2059984036520636418,2,910000000000000501,910000000000000511,910000000000000401,'SKU-US-AX901','AX9 宠物烘干箱 白色 110V',-42,362,320,'SALES_ORDER','SO-202605-1001',910000000000001001,'BATCH-AX901-0528',2059984037695041538,'管理员','2026-05-28 11:42:00','销售出库'),(910000000000000533,2059984036520636418,1,910000000000000502,910000000000000513,910000000000000403,'SKU-PKG-110','抗压快递纸箱 40x30x28cm',5800,9800,15600,'PURCHASE_RECEIPT','RC-202605-8879',910000000000000712,'BATCH-PKG-0527',2059984037695041538,'管理员','2026-05-27 16:05:00','包装耗材入库'),(910000000000000534,2059984036520636418,2,910000000000000503,910000000000000514,910000000000000404,'SKU-EU-CAMP01','折叠式户外储能灯 欧规黑色',-18,18,0,'SALES_ORDER','SO-202605-1002',910000000000001002,'BATCH-CAMP-0527',2059984037695041538,'管理员','2026-05-27 19:10:00','欧洲订单清空库存');
REPLACE INTO `inventory_warning_event` VALUES (910000000000000541,2059984036520636418,910000000000000501,910000000000000401,'SKU-US-AX901',2,26,80,1,'2026-05-28 09:00:00','2026-05-28 12:00:00',NULL),(910000000000000542,2059984036520636418,910000000000000503,910000000000000404,'SKU-EU-CAMP01',3,0,90,1,'2026-05-27 19:10:00','2026-05-28 12:00:00',NULL);
REPLACE INTO `purchase_requisition` VALUES (910000000000000601,2059984036520636418,'PR-202605-1001',1,'美国宠物烘干箱补货申请',910000000000000501,'2026-06-08',948000.00,1,4,1,'PURCHASE_MANAGER',2059984037695041538,'测试管理员','2026-05-26 09:10:00',2059984037695041538,'2026-05-26 10:00:00','为降低断货风险，审批通过','由低库存预警触发','2026-05-28 23:53:14','2026-05-29 09:28:54',2059984037695041538,2059984037695041538,0,0);
REPLACE INTO `purchase_requisition_item` VALUES (910000000000000611,2059984036520636418,910000000000000601,910000000000000401,'SKU-US-AX901','AX9 宠物烘干箱 白色 110V',600,24,120,720,850.0000,'2026-06-08','维持 30 天库存覆盖'),(910000000000000612,2059984036520636418,910000000000000601,910000000000000402,'SKU-US-AX902','AX9 宠物烘干箱 灰色 110V',240,49,100,240,912.5000,'2026-06-08','低库存颜色款');
REPLACE INTO `purchase_inquiry` VALUES (910000000000000621,2059984036520636418,'INQ-202605-0601',910000000000000601,910000000000000101,'深圳华景电子有限公司',2,'2026-05-26 10:15:00','2026-05-27 18:00:00','2026-05-26 13:20:00',3.08,729000.00,30,'2026-06-25','六月补货询价对比','可分两批发货','2026-05-28 23:53:14','2026-05-29 09:28:54',2059984037695041538,0);
REPLACE INTO `purchase_inquiry_item` VALUES (910000000000000631,2059984036520636418,910000000000000621,910000000000000401,'SKU-US-AX901','AX9 宠物烘干箱 白色 110V',600,850.0000,600,13,200,'工厂现货可排产'),(910000000000000632,2059984036520636418,910000000000000621,910000000000000402,'SKU-US-AX902','AX9 宠物烘干箱 灰色 110V',240,912.5000,240,15,200,'需确认灰色外壳库存');
REPLACE INTO `purchase_order` VALUES (910000000000000701,2059984036520636418,'PO-202605-2388',910000000000000601,910000000000000621,910000000000000101,'深圳华景电子有限公司',910000000000000501,'洛杉矶海外仓',729000.00,94770.00,'CNY',1.000000,1,30,0.00,'2026-05-26','2026-06-08','2026-05-27','2026-05-28',1,'顺丰国际','SFUS2026052388','CT-202605-HJ-01','INV-HJ-2026052388','首批部分到货','2026-05-28 23:53:14','2026-05-29 09:28:54',2059984037695041538,2059984037695041538,0,0),(910000000000000702,2059984036520636418,'PO-202605-2391',NULL,NULL,910000000000000102,'宁波远航包装厂',910000000000000502,'宁波国内仓',186500.00,24245.00,'CNY',1.000000,1,15,86500.00,'2026-05-22','2026-05-31','2026-05-23','2026-05-27',3,'美森快船','MSNJ2026052391','CT-202605-YH-02','INV-YH-2026052391','包装耗材已到货，待结算','2026-05-28 23:53:14','2026-05-29 09:28:54',2059984037695041538,2059984037695041538,0,0),(910000000000000703,2059984036520636418,'PO-202605-2402',NULL,NULL,910000000000000103,'厦门森海户外用品有限公司',910000000000000503,'汉堡欧洲仓',42800.00,0.00,'USD',7.200000,1,45,0.00,'2026-05-18','2026-05-25','2026-05-19','2026-05-21',4,'DHL Freight','DHLDE2026052402','CT-202605-SH-03','INV-SH-2026052402','欧洲含电 SKU 生产中','2026-05-28 23:53:14','2026-05-29 09:28:54',2059984037695041538,2059984037695041538,0,0);
REPLACE INTO `purchase_order_item` VALUES (910000000000000711,2059984036520636418,910000000000000701,910000000000000401,'SKU-US-AX901','AX9 宠物烘干箱 白色 110V','白色 / 110V','件',600,120,850.0000,510000.00,'2026-06-08','首批到货 120 件'),(910000000000000712,2059984036520636418,910000000000000701,910000000000000402,'SKU-US-AX902','AX9 宠物烘干箱 灰色 110V','灰色 / 110V','件',240,0,912.5000,219000.00,'2026-06-08','待到货'),(910000000000000713,2059984036520636418,910000000000000702,910000000000000403,'SKU-PKG-110','抗压快递纸箱 40x30x28cm','五层瓦楞纸箱','个',5000,2200,12.8000,64000.00,'2026-05-31','部分入库'),(910000000000000714,2059984036520636418,910000000000000703,910000000000000404,'SKU-EU-CAMP01','折叠式户外储能灯 欧规黑色','黑色 / 欧规插头','件',1200,860,21.5000,25800.00,'2026-05-25','生产中');
REPLACE INTO `purchase_receipt` VALUES (910000000000000721,2059984036520636418,'RC-202605-8871',910000000000000701,'PO-202605-2388',910000000000000101,910000000000000501,'2026-05-28',2059984037695041538,'管理员',2,120,116,4,1,'首批到达洛杉矶海外仓','2026-05-28 23:53:14','2026-05-29 09:28:54',2059984037695041538,2059984037695041538,0,0),(910000000000000722,2059984036520636418,'RC-202605-8879',910000000000000702,'PO-202605-2391',910000000000000102,910000000000000502,'2026-05-27',2059984037695041538,'管理员',2,5800,5778,22,1,'包装耗材批次到货','2026-05-28 23:53:14','2026-05-29 09:28:54',2059984037695041538,2059984037695041538,0,0),(910000000000000723,2059984036520636418,'RC-202605-8882',910000000000000703,'PO-202605-2402',910000000000000103,910000000000000503,'2026-05-25',2059984037695041538,'测试管理员',2,860,860,0,0,'到货延迟 1 天','2026-05-28 23:53:14','2026-05-28 23:53:14',2059984037695041538,2059984037695041538,0,0);
REPLACE INTO `purchase_receipt_item` VALUES (910000000000000731,2059984036520636418,910000000000000721,910000000000000711,910000000000000401,'SKU-US-AX901','AX9 宠物烘干箱 白色 110V',120,120,116,4,'外箱破损',910000000000000511,1),(910000000000000732,2059984036520636418,910000000000000722,910000000000000713,910000000000000403,'SKU-PKG-110','抗压快递纸箱 40x30x28cm',5800,5800,5778,22,'边角受潮',910000000000000513,1),(910000000000000733,2059984036520636418,910000000000000723,910000000000000714,910000000000000404,'SKU-EU-CAMP01','折叠式户外储能灯 欧规黑色',860,860,860,0,NULL,910000000000000514,1);
REPLACE INTO `inbound_order` VALUES (910000000000000801,2059984036520636418,'IN-202605-8871',1,910000000000000501,'洛杉矶海外仓','PURCHASE_ORDER',910000000000000701,'PO-202605-2388','2026-06-08','2026-05-28',1,2,840,120,2059984037695041538,'采购单首批部分上架','2026-05-28 23:53:14','2026-05-29 09:28:54',2059984037695041538,2059984037695041538,0,0),(910000000000000802,2059984036520636418,'IN-202605-8879',1,910000000000000502,'宁波国内仓','PURCHASE_ORDER',910000000000000702,'PO-202605-2391','2026-05-31','2026-05-27',2,1,5000,2200,2059984037695041538,'包装耗材批次入库','2026-05-28 23:53:14','2026-05-29 09:28:54',2059984037695041538,2059984037695041538,0,0);
REPLACE INTO `inbound_order_item` VALUES (910000000000000811,2059984036520636418,910000000000000801,910000000000000401,'SKU-US-AX901','AX9 宠物烘干箱 白色 110V',600,120,4,910000000000000511,'A-02-06',850.0000,2,'首批已上架'),(910000000000000812,2059984036520636418,910000000000000801,910000000000000402,'SKU-US-AX902','AX9 宠物烘干箱 灰色 110V',240,0,0,910000000000000511,'A-02-06',912.5000,0,'待到货'),(910000000000000813,2059984036520636418,910000000000000802,910000000000000403,'SKU-PKG-110','抗压快递纸箱 40x30x28cm',5000,2200,22,910000000000000513,'P-04-11',12.8000,2,'首批纸箱已入库');
REPLACE INTO `stocktake_task` VALUES (910000000000000901,2059984036520636418,'STK-202605-2099',1,910000000000000503,'汉堡仓月度循环盘点','2026-05-27','2026-05-27 08:00:00',NULL,1,12,2,14,7,301.00,150.50,NULL,NULL,'进行中，重点核对含电 SKU','2026-05-28 23:53:14','2026-05-29 09:28:54',2059984037695041538,2059984037695041538,0,0),(910000000000000902,2059984036520636418,'STK-202605-2104',2,910000000000000501,'洛杉矶仓动销 SKU 差异复核','2026-05-26','2026-05-26 10:30:00','2026-05-26 18:00:00',2,18,3,2,31,1700.00,26350.00,2059984037695041538,NULL,'等待仓储主管审核调整','2026-05-28 23:53:14','2026-05-29 09:28:54',2059984037695041538,2059984037695041538,0,0);
REPLACE INTO `stocktake_item` VALUES (910000000000000911,2059984036520636418,910000000000000901,910000000000000503,910000000000000514,'E-03-02',910000000000000404,'SKU-EU-CAMP01','折叠式户外储能灯 欧规黑色',0,0,0,0.00,'账实一致',0,NULL,2059984037695041538,'2026-05-27 11:20:00'),(910000000000000912,2059984036520636418,910000000000000902,910000000000000501,910000000000000511,'A-02-06',910000000000000401,'SKU-US-AX901','AX9 宠物烘干箱 白色 110V',351,320,-31,26350.00,'销售出库回写延迟',0,NULL,2059984037695041538,'2026-05-26 16:30:00');
REPLACE INTO `order_main` VALUES (910000000000001001,2059984036520636418,'SO-202605-1001','TikTok','TT-US-202605280001',1001,199.99,10.00,0.00,189.99,'USD',7.200000,1367.93,18.20,6,NULL,0,NULL,910000000000000501,'YunExpress US Standard','WB-202605-9001','2026-05-28 13:20:00','2026-05-29',NULL,'2026-05-28 09:15:00','2026-05-28 09:16:00','2026-05-29 00:05:30','2026-05-29 00:05:30',2059984037695041538,2059984037695041538,0,0),(910000000000001002,2059984036520636418,'SO-202605-1002','Amazon','AMZ-DE-303-778899',2001,49.99,0.00,4.99,54.98,'EUR',7.800000,428.84,7.60,7,NULL,1,'Tracking has not updated for more than 7 days',910000000000000503,'DHL Paket DE','WB-202605-9002','2026-05-21 11:30:00','2026-05-22',NULL,'2026-05-20 20:05:00','2026-05-20 20:07:00','2026-05-29 00:05:30','2026-05-29 00:05:30',2059984037695041538,2059984037695041538,0,0);
REPLACE INTO `order_item` VALUES (910000000000001011,2059984036520636418,910000000000001001,'SO-202605-1001',910000000000000401,'SKU-US-AX901','AX9 宠物烘干箱 白色 110V','TT-AX901-WH',1,199.9900,10.00,189.99,'USD',0),(910000000000001012,2059984036520636418,910000000000001002,'SO-202605-1002',910000000000000404,'SKU-EU-CAMP01','折叠式户外储能灯 欧规黑色','AMZ-CAMP01-EU',1,49.9900,0.00,49.99,'EUR',0);
REPLACE INTO `order_address` VALUES (910000000000001021,2059984036520636418,910000000000001001,'Mia Johnson','+1 213 555 0101','mia@example.com','US','United States','CA','Los Angeles','900 Flower Street',NULL,'90015','900 Flower Street, Los Angeles, CA 90015, US',1),(910000000000001022,2059984036520636418,910000000000001002,'Lukas Weber','+49 30 000 0102','lukas@example.de','DE','Germany','Berlin','Berlin','Alexanderplatz 1',NULL,'10178','Alexanderplatz 1, 10178 Berlin, DE',1);
REPLACE INTO `logistics_carrier` VALUES (910000000000001102,2059984036520636418,'DHLDE','DHL Germany','DHL Germany',1,'https://www.dhl.de/favicon.ico','https://api.dhl.example.com','demo-key','demo-secret','flexchain-demo','v2','https://track.dhl.example.com',1,1,1,'EU parcel channel','2026-05-29 00:05:30','2026-05-29 00:05:30',2059984037695041538,2059984037695041538,0,0),(910000000000001101,2059984036520636418,'YUNEXPRESS','YunExpress','YunExpress',1,'https://www.yunexpress.com/favicon.ico','https://api.yunexpress.example.com','demo-key','demo-secret','flexchain-demo','v1','https://track.yunexpress.example.com',1,1,1,'US standard shipping','2026-05-29 00:05:30','2026-05-29 00:05:30',2059984037695041538,2059984037695041538,0,0);
REPLACE INTO `logistics_channel` VALUES (910000000000001111,2059984036520636418,910000000000001101,'YUN-US-STD','YunExpress US Standard',1,'[\"US\"]',0.00,30000.00,1200,3000,0,0,0,1,5.0,9.0,5000,800.00,1,10,'Balanced cost and delivery time for US','2026-05-29 00:05:30','2026-05-29 00:05:30',2059984037695041538,2059984037695041538,0,0),(910000000000001112,2059984036520636418,910000000000001102,'DHL-DE-PARCEL','DHL Paket DE',1,'[\"DE\", \"FR\", \"NL\"]',0.00,20000.00,1000,2500,1,0,0,1,3.0,6.0,5000,600.00,1,20,'EU channel accepts battery SKU','2026-05-29 00:05:30','2026-05-29 00:05:30',2059984037695041538,2059984037695041538,0,0);
REPLACE INTO `logistics_waybill` VALUES (910000000000001201,2059984036520636418,'WB-202605-9001','YTN202605280001',910000000000001101,910000000000001111,910000000000001001,'SO-202605-1001',910000000000000501,'Mia Johnson','+1 213 555 0101','US','CA','Los Angeles','900 Flower Street',NULL,'90015',9600.00,38688.00,38688.00,620,520,540,1,189.99,'USD','Pet Dryer Box','85167990',0,148.00,151.20,'CNY',2,'oss://demo/label/WB-202605-9001.pdf','PDF','2026-05-28 12:30:00','2026-05-28 18:30:00',NULL,NULL,'2026-05-29 00:05:30','2026-05-29 00:05:30',2059984037695041538,2059984037695041538,0,0),(910000000000001202,2059984036520636418,'WB-202605-9002','DHL202605210002',910000000000001102,910000000000001112,910000000000001002,'SO-202605-1002',910000000000000503,'Lukas Weber','+49 30 000 0102','DE','Berlin','Berlin','Alexanderplatz 1',NULL,'10178',820.00,439.00,820.00,210,110,95,1,49.99,'EUR','Outdoor Camping Light','94054290',0,42.00,45.60,'CNY',6,'oss://demo/label/WB-202605-9002.pdf','PDF','2026-05-21 09:00:00','2026-05-21 11:30:00',NULL,'超过 7 天无轨迹更新','2026-05-29 00:05:30','2026-05-29 09:28:54',2059984037695041538,2059984037695041538,0,0);
REPLACE INTO `logistics_track` VALUES (910000000000001211,2059984036520636418,910000000000001201,'YTN202605280001','PICKUP',2,'Picked up','包裹已被物流商揽收','Los Angeles, CA','US','2026-05-28 18:30:00','2026-05-28 19:00:00',0,NULL,NULL),(910000000000001212,2059984036520636418,910000000000001201,'YTN202605280001','TRANSIT',3,'In transit','离开分拨中心','Los Angeles, CA','US','2026-05-28 23:20:00','2026-05-29 00:00:00',0,NULL,NULL),(910000000000001213,2059984036520636418,910000000000001202,'DHL202605210002','TRANSIT',3,'In transit','包裹中心已处理','Hamburg','DE','2026-05-21 22:10:00','2026-05-22 00:00:00',0,NULL,NULL),(910000000000001214,2059984036520636418,910000000000001202,'DHL202605210002','NO_UPDATE',6,'Exception','超过 7 天无轨迹更新','Hamburg','DE','2026-05-28 08:00:00','2026-05-28 08:10:00',1,2,'轨迹停滞');
REPLACE INTO `logistics_fee_record` VALUES (910000000000001221,2059984036520636418,910000000000001201,'WB-202605-9001',120.0000,18.0000,5.0000,0.0000,0.0000,5.0000,3.2000,148.00,151.20,'CNY',38688.00,NULL,'2026-05-29 00:05:30','2026-05-29 00:05:30'),(910000000000001222,2059984036520636418,910000000000001202,'WB-202605-9002',35.0000,4.5000,0.0000,0.0000,0.0000,2.5000,3.6000,42.00,45.60,'CNY',820.00,NULL,'2026-05-29 00:05:30','2026-05-29 00:05:30');
REPLACE INTO `finance_payable` (`id`, `tenant_id`, `payable_no`, `source_type`, `source_biz_no`, `po_id`, `po_no`, `supplier_id`, `supplier_name`, `invoice_no`, `invoice_date`, `payable_amount`, `paid_amount`, `currency`, `payment_days`, `due_date`, `status`, `overdue_days`, `remark`, `create_time`, `update_time`, `create_by`, `update_by`, `is_deleted`, `version`) VALUES (910000000000001301,2059984036520636418,'AP-202605-1001','PURCHASE_ORDER','PO-202605-1001',910000000000000701,'PO-202605-1001',910000000000000101,'深圳华景电子有限公司','INV-HJ-2026051001','2026-05-28',729000.00,0.00,'CNY',30,'2026-06-27',0,0,'全量到货确认后付款','2026-05-29 00:05:30','2026-05-29 09:28:54',2059984037695041538,2059984037695041538,0,0),(910000000000001302,2059984036520636418,'AP-202605-1002','PURCHASE_ORDER','PO-202605-1002',910000000000000702,'PO-202605-1002',910000000000000102,'宁波远航包装厂','INV-YH-2026051002','2026-05-27',64000.00,20000.00,'CNY',15,'2026-06-11',1,0,'已完成部分付款','2026-05-29 00:05:30','2026-05-29 09:28:54',2059984037695041538,2059984037695041538,0,0),(910000000000001303,2059984036520636418,'AP-202605-1003','PURCHASE_ORDER','PO-202605-1003',910000000000000703,'PO-202605-1003',910000000000000103,'厦门森海户外用品有限公司',NULL,NULL,45360.00,0.00,'CNY',45,'2026-07-08',0,0,'待供应商开票','2026-05-29 00:05:30','2026-05-29 09:28:54',2059984037695041538,2059984037695041538,0,0);
REPLACE INTO `finance_platform_bill` VALUES (910000000000001301,2059984036520636418,'BILL-AMZ-202605-01','Amazon','AMZ-DE-01','FlexChain DE Store','AMZ-SETTLE-202605A','2026-05-01','2026-05-15','EUR',38620.00,1280.00,4248.20,1880.00,236.00,3200.00,180.00,27895.80,217587.24,7.800000,2,'oss://demo/bill/amazon-20260501.csv','2026-05-28 09:20:00',2059984037695041538,'2026-05-29 00:05:30','2026-05-29 00:05:30',2059984037695041538,2059984037695041538,0,0);
REPLACE INTO `finance_bill_item` VALUES (910000000000001311,2059984036520636418,910000000000001301,'SALE','AMZ-DE-303-778899',910000000000000404,'AMZ-CAMP01-EU',49.9900,'EUR','Order sale amount','2026-05-20',1,910000000000001002),(910000000000001312,2059984036520636418,910000000000001301,'REFERRAL_FEE','AMZ-DE-303-778899',910000000000000404,'AMZ-CAMP01-EU',-7.6000,'EUR','Amazon referral fee','2026-05-20',1,910000000000001002),(910000000000001313,2059984036520636418,910000000000001301,'UNMATCHED_FEE',NULL,NULL,NULL,-12.3000,'EUR','Unmatched service adjustment','2026-05-22',0,NULL);
REPLACE INTO `finance_profit_snapshot` VALUES (910000000000001321,2059984036520636418,1,'2026-05-28',910000000000000401,'SKU-US-AX901','TikTok','TT-US-01','US','USD',7.200000,42,42,8399.5800,60476.98,35700.0000,6349.2000,764.4000,0.0000,1800.0000,0.0000,0.0000,320.0000,44933.6000,24776.9800,15543.3800,0.4097,0.2570,'2026-05-29 00:05:30'),(910000000000001322,2059984036520636418,1,'2026-05-28',910000000000000404,'SKU-EU-CAMP01','Amazon','AMZ-DE-01','DE','EUR',7.800000,18,18,899.8200,7018.60,2268.0000,820.8000,136.8000,42.0000,420.0000,0.0000,132.0000,60.0000,3879.6000,4750.6000,3139.0000,0.6770,0.4473,'2026-05-29 00:05:30');
REPLACE INTO `finance_cash_flow` VALUES (910000000000001333,2059984036520636418,'2026-06-27',2,'PAYABLE',910000000000001301,'AP-202605-1001',729000.00,729000.00,'CNY',1.000000,'Pet dryer payable due','2026-05-29 00:05:30',2059984037695041538),(910000000000001332,2059984036520636418,'2026-06-11',2,'PAYABLE',910000000000001302,'AP-202605-1002',44000.00,44000.00,'CNY',1.000000,'Packaging payable remaining','2026-05-29 00:05:30',2059984037695041538),(910000000000001331,2059984036520636418,'2026-05-28',1,'PLATFORM_SETTLEMENT',910000000000001301,'BILL-AMZ-202605-01',217587.24,27895.80,'EUR',7.800000,'Amazon settlement expected','2026-05-29 00:05:30',2059984037695041538);
REPLACE INTO `bi_kpi_threshold` VALUES (910000000000001343,2059984036520636418,'logistics_exception_rate','Logistics Exception Rate',0.0500,0.1000,2,'[\"OPS_MANAGER\"]',1,'2026-05-29 00:05:30'),(910000000000001342,2059984036520636418,'purchase_on_time_rate','Purchase On-time Arrival Rate',0.9000,0.8000,1,'[\"PURCHASE_MANAGER\"]',1,'2026-05-29 00:05:30'),(910000000000001341,2059984036520636418,'stockout_rate','Stockout Rate',0.0300,0.0800,2,'[\"WAREHOUSE_MANAGER\", \"PURCHASE_MANAGER\"]',1,'2026-05-29 00:05:30');
REPLACE INTO `sys_message` VALUES (910000000000001351,2059984036520636418,2059984037695041538,'USER',NULL,'库存预警','SKU-US-AX902 可售库存低于安全库存，请尽快安排补货。','WMS_INVENTORY','SKU-US-AX902','HIGH',0,NULL,'2026-05-29 00:05:30','2026-05-29 09:28:54',0),(910000000000001352,2059984036520636418,2059984037695041538,'USER',NULL,'Purchase order partially inbound','PO-202605-1001 first batch has been shelved in LA warehouse.','PMS_ORDER','PO-202605-1001','NORMAL',0,NULL,'2026-05-29 00:05:30','2026-05-29 00:05:30',0),(910000000000001353,2059984036520636418,2059984037695041538,'USER',NULL,'物流异常','WB-202605-9002 超过 7 天无轨迹更新，请跟进物流商。','TMS_EXCEPTION','WB-202605-9002','HIGH',0,NULL,'2026-05-29 00:05:30','2026-05-29 09:28:54',0);
